date,id,home_team,away_team,home_score,away_score,tournament,city,country,neutral,goals,victory,defeat,egality
1905-02-12,,France,Switzerland,1,0,Friendly,Paris,France,FALSE,1,0,0,0
1908-03-08,,Switzerland,France,1,2,Friendly,Geneva,Switzerland,FALSE,4,0,0,0
1908-04-05,,Switzerland,Germany,5,3,Friendly,Basel,Switzerland,FALSE,12,0,0,0
1909-04-04,,Germany,Switzerland,1,0,Friendly,Karlsruhe,Germany,FALSE,13,0,0,0
1910-04-03,,Switzerland,Germany,2,3,Friendly,Basel,Switzerland,FALSE,18,0,0,0
1911-01-08,,Switzerland,Hungary,2,0,Friendly,Zürich,Switzerland,FALSE,20,0,0,0
1911-03-26,,Germany,Switzerland,6,2,Friendly,Stuttgart,Germany,FALSE,28,0,0,0
1911-04-23,,Switzerland,France,5,2,Friendly,Geneva,Switzerland,FALSE,35,0,0,0
1911-05-07,,Italy,Switzerland,2,2,Friendly,Milan,Italy,FALSE,39,0,0,0
1911-05-21,,Switzerland,Italy,3,0,Friendly,La Chaux-de-Fonds,Switzerland,FALSE,42,0,0,0
1911-10-29,,Hungary,Switzerland,9,0,Friendly,Budapest,Hungary,FALSE,51,0,0,0
1912-02-18,,France,Switzerland,4,1,Friendly,Saint-Ouen,France,FALSE,56,0,0,0
1912-02-20,,Belgium,Switzerland,9,2,Friendly,Antwerp,Belgium,FALSE,67,0,0,0
1912-05-05,,Switzerland,Germany,1,2,Friendly,St. Gallen,Switzerland,FALSE,70,0,0,0
1913-03-09,,Switzerland,France,1,4,Friendly,Geneva,Switzerland,FALSE,75,0,0,0
1913-05-04,,Switzerland,Belgium,1,2,Friendly,Basel,Switzerland,FALSE,78,0,0,0
1913-05-18,,Germany,Switzerland,1,2,Friendly,Freiburg,Germany,FALSE,81,0,0,0
1913-11-02,,Belgium,Switzerland,2,0,Friendly,Verviers,Belgium,FALSE,83,0,0,0
1914-03-08,,France,Switzerland,2,2,Friendly,Saint-Ouen,France,FALSE,87,0,0,0
1914-04-05,,Italy,Switzerland,1,1,Friendly,Genoa,Italy,FALSE,89,0,0,0
1914-05-17,,Switzerland,Italy,0,1,Friendly,Berne,Switzerland,FALSE,90,0,0,0
1915-01-31,,Italy,Switzerland,3,1,Friendly,Turin,Italy,FALSE,94,0,0,0
1917-12-23,,Switzerland,Austria,0,1,Friendly,Basel,Switzerland,FALSE,95,0,0,0
1917-12-26,,Switzerland,Austria,3,2,Friendly,Zürich,Switzerland,FALSE,100,0,0,0
1918-05-09,,Austria,Switzerland,5,1,Friendly,Vienna,Austria,FALSE,106,0,0,0
1918-05-12,,Hungary,Switzerland,2,1,Friendly,Budapest,Hungary,FALSE,109,0,0,0
1920-02-29,,Switzerland,France,0,2,Friendly,Geneva,Switzerland,FALSE,111,0,0,0
1920-03-28,,Switzerland,Italy,3,0,Friendly,Berne,Switzerland,FALSE,114,0,0,0
1920-05-16,,Switzerland,Netherlands,2,1,Friendly,Basel,Switzerland,FALSE,117,0,0,0
1920-06-06,,Sweden,Switzerland,0,1,Friendly,Stockholm,Sweden,FALSE,118,0,0,0
1920-06-27,,Switzerland,Germany,4,1,Friendly,Zürich,Switzerland,FALSE,123,0,0,0
1921-03-06,,Italy,Switzerland,2,1,Friendly,Milan,Italy,FALSE,126,0,0,0
1921-05-01,,Switzerland,Austria,2,2,Friendly,St. Gallen,Switzerland,FALSE,130,0,0,0
1921-11-06,,Switzerland,Italy,1,1,Friendly,Geneva,Switzerland,FALSE,132,0,0,0
1922-03-26,,Germany,Switzerland,2,2,Friendly,Frankfurt am Main,Germany,FALSE,136,0,0,0
1922-06-11,,Austria,Switzerland,7,1,Friendly,Vienna,Austria,FALSE,144,0,0,0
1922-06-15,,Hungary,Switzerland,1,1,Friendly,Budapest,Hungary,FALSE,146,0,0,0
1922-11-19,,Switzerland,Netherlands,5,0,Friendly,Berne,Switzerland,FALSE,151,0,0,0
1922-12-03,,Italy,Switzerland,2,2,Friendly,Bologna,Italy,FALSE,155,0,0,0
1923-01-21,,Switzerland,Austria,2,0,Friendly,Geneva,Switzerland,FALSE,157,0,0,0
1923-03-11,,Switzerland,Hungary,1,6,Friendly,Lausanne,Switzerland,FALSE,164,0,0,0
1923-04-22,,France,Switzerland,2,2,Friendly,Vincennes,France,FALSE,168,0,0,0
1923-06-03,,Switzerland,Germany,1,2,Friendly,Basel,Switzerland,FALSE,171,0,0,0
1923-06-17,,Denmark,Switzerland,3,2,Friendly,Copenhagen,Denmark,FALSE,176,0,0,0
1923-06-21,,Norway,Switzerland,2,2,Friendly,Kristiania,Norway,FALSE,180,0,0,0
1923-11-25,,Netherlands,Switzerland,4,1,Friendly,Amsterdam,Netherlands,FALSE,185,0,0,0
1924-03-23,,Switzerland,France,3,0,Friendly,Geneva,Switzerland,FALSE,188,0,0,0
1924-04-21,,Switzerland,Denmark,2,0,Friendly,Basel,Switzerland,FALSE,190,0,0,0
1924-05-18,,Switzerland,Hungary,4,2,Friendly,Zürich,Switzerland,FALSE,196,0,0,0
1924-12-14,,Germany,Switzerland,1,1,Friendly,Stuttgart,Germany,FALSE,198,0,0,0
1925-03-22,,Austria,Switzerland,2,0,Friendly,Vienna,Austria,FALSE,200,0,0,0
1925-03-25,,Hungary,Switzerland,5,0,Friendly,Budapest,Hungary,FALSE,205,0,0,0
1925-04-19,,Switzerland,Netherlands,4,1,Friendly,Zürich,Switzerland,FALSE,210,0,0,0
1925-05-24,,Switzerland,Belgium,0,0,Friendly,Lausanne,Switzerland,FALSE,210,0,0,0
1925-06-01,,Switzerland,Spain,0,3,Friendly,Berne,Switzerland,FALSE,213,0,0,0
1925-10-25,,Switzerland,Germany,0,4,Friendly,Basel,Switzerland,FALSE,217,0,0,0
1925-11-08,,Switzerland,Austria,2,0,Friendly,Berne,Switzerland,FALSE,219,0,0,0
1926-03-28,,Netherlands,Switzerland,5,0,Friendly,Amsterdam,Netherlands,FALSE,224,0,0,0
1926-04-18,,Switzerland,Italy,1,1,Friendly,Zürich,Switzerland,FALSE,226,0,0,0
1926-04-25,,France,Switzerland,1,0,Friendly,Colombes,France,FALSE,227,0,0,0
1926-05-09,,Italy,Switzerland,3,2,Friendly,Milan,Italy,FALSE,232,0,0,0
1926-10-10,,Austria,Switzerland,7,1,Friendly,Vienna,Austria,FALSE,240,0,0,0
1926-12-12,,Germany,Switzerland,2,3,Friendly,Munich,Germany,FALSE,245,0,0,0
1927-01-30,,Switzerland,Italy,1,5,Friendly,Geneva,Switzerland,FALSE,251,0,0,0
1927-04-17,,Spain,Switzerland,1,0,Friendly,Santander,Spain,FALSE,252,0,0,0
1927-05-29,,Switzerland,Austria,1,4,Friendly,Zürich,Switzerland,FALSE,257,0,0,0
1927-11-06,,Switzerland,Sweden,2,2,Friendly,Zürich,Switzerland,FALSE,261,0,0,0
1928-01-01,,Italy,Switzerland,3,2,International Cup,Genoa,Italy,FALSE,266,0,0,0
1928-03-11,,Switzerland,France,4,3,Friendly,Lausanne,Switzerland,FALSE,273,0,0,0
1928-04-15,,Switzerland,Germany,2,3,Friendly,Berne,Switzerland,FALSE,278,0,0,0
1928-05-06,,Switzerland,Netherlands,2,1,Friendly,Basel,Switzerland,FALSE,281,0,0,0
1928-08-17,,Belarus,Switzerland,6,3,Friendly,Moscow,Soviet Union,TRUE,290,0,0,0
1928-10-14,,Switzerland,Italy,2,3,International Cup,Zürich,Switzerland,FALSE,295,0,0,0
1928-10-28,,Austria,Switzerland,2,0,International Cup,Vienna,Austria,FALSE,297,0,0,0
1928-11-01,,Hungary,Switzerland,3,1,International Cup,Budapest,Hungary,FALSE,301,0,0,0
1929-02-10,,Germany,Switzerland,7,1,Friendly,Mannheim,Germany,FALSE,309,0,0,0
1929-03-17,,Netherlands,Switzerland,3,2,Friendly,Amsterdam,Netherlands,FALSE,314,0,0,0
1929-04-14,,Switzerland,Hungary,4,5,International Cup,Berne,Switzerland,FALSE,323,0,0,0
1929-05-05,,Switzerland,Czechoslovakia,1,4,International Cup,Lausanne,Switzerland,FALSE,328,0,0,0
1929-10-06,,Czechoslovakia,Switzerland,5,0,International Cup,Prague,Czechoslovakia,FALSE,333,0,0,0
1929-10-27,,Switzerland,Austria,1,3,International Cup,Berne,Switzerland,FALSE,337,0,0,0
1930-02-09,,Italy,Switzerland,4,2,Friendly,Rome,Italy,FALSE,343,0,0,0
1930-03-23,,France,Switzerland,3,3,Friendly,Colombes,France,FALSE,349,0,0,0
1930-04-13,,Switzerland,Hungary,2,2,Friendly,Basel,Switzerland,FALSE,353,0,0,0
1930-05-04,,Switzerland,Germany,0,5,Friendly,Zürich,Switzerland,FALSE,358,0,0,0
1930-06-15,,Sweden,Switzerland,1,0,Friendly,Stockholm,Sweden,FALSE,359,0,0,0
1930-06-19,,Norway,Switzerland,3,0,Friendly,Oslo,Norway,FALSE,362,0,0,0
1930-11-02,,Switzerland,Netherlands,6,3,Friendly,Zürich,Switzerland,FALSE,371,0,0,0
1931-03-29,,Switzerland,Italy,1,1,International Cup,Berne,Switzerland,FALSE,373,0,0,0
1931-04-12,,Hungary,Switzerland,6,2,International Cup,Budapest,Hungary,FALSE,381,0,0,0
1931-05-24,,Switzerland,Scotland,2,3,Friendly,Geneva,Switzerland,FALSE,386,0,0,0
1931-06-13,,Czechoslovakia,Switzerland,7,3,International Cup,Prague,Czechoslovakia,FALSE,396,0,0,0
1931-06-16,,Austria,Switzerland,2,0,Friendly,Vienna,Austria,FALSE,398,0,0,0
1931-11-29,,Switzerland,Austria,1,8,International Cup,Basel,Switzerland,FALSE,407,0,0,0
1931-12-06,,Belgium,Switzerland,2,1,Friendly,Brussels,Belgium,FALSE,410,0,0,0
1932-02-14,,Italy,Switzerland,3,0,International Cup,Naples,Italy,FALSE,413,0,0,0
1932-03-06,,Germany,Switzerland,2,0,Friendly,Leipzig,Germany,FALSE,415,0,0,0
1932-03-20,,Switzerland,France,3,3,Friendly,Berne,Switzerland,FALSE,421,0,0,0
1932-04-17,,Switzerland,Czechoslovakia,5,1,International Cup,Zürich,Switzerland,FALSE,427,0,0,0
1932-06-19,,Switzerland,Hungary,3,1,International Cup,Berne,Switzerland,FALSE,431,0,0,0
1932-10-23,,Austria,Switzerland,3,1,International Cup,Vienna,Austria,FALSE,435,0,0,0
1932-11-06,,Switzerland,Sweden,2,1,Friendly,Basel,Switzerland,FALSE,438,0,0,0
1933-01-22,,Netherlands,Switzerland,0,2,Friendly,Amsterdam,Netherlands,FALSE,440,0,0,0
1933-03-12,,Switzerland,Belgium,3,3,Friendly,Zürich,Switzerland,FALSE,446,0,0,0
1933-04-02,,Switzerland,Italy,0,3,International Cup,Geneva,Switzerland,FALSE,449,0,0,0
1933-05-07,,Switzerland,Yugoslavia,4,1,Friendly,Zürich,Switzerland,FALSE,454,0,0,0
1933-05-20,,Switzerland,England,0,4,Friendly,Berne,Switzerland,FALSE,458,0,0,0
1933-09-17,,Hungary,Switzerland,3,0,International Cup,Budapest,Hungary,FALSE,461,0,0,0
1933-09-24,,Yugoslavia,Switzerland,2,2,FIFA World Cup qualification,Belgrade,Yugoslavia,FALSE,465,0,0,0
1933-10-29,,Switzerland,Romania,2,2,FIFA World Cup qualification,Berne,Switzerland,FALSE,469,0,0,0
1933-11-19,,Switzerland,Germany,0,2,Friendly,Zürich,Switzerland,FALSE,471,0,0,0
1933-12-03,,Italy,Switzerland,5,2,International Cup,Florence,Italy,FALSE,478,0,0,0
1934-03-11,,France,Switzerland,0,1,Friendly,Paris,France,FALSE,479,0,0,0
1934-03-25,,Switzerland,Austria,2,3,International Cup,Geneva,Switzerland,FALSE,484,0,0,0
1934-05-27,,Netherlands,Switzerland,2,3,FIFA World Cup,Milan,Italy,TRUE,489,0,0,0
1934-05-31,,Czechoslovakia,Switzerland,3,2,FIFA World Cup,Turin,Italy,TRUE,494,0,0,0
1934-10-14,,Switzerland,Czechoslovakia,2,2,International Cup,Geneva,Switzerland,FALSE,498,0,0,0
1934-11-04,,Switzerland,Netherlands,2,4,Friendly,Berne,Switzerland,FALSE,504,0,0,0
1934-11-11,,Austria,Switzerland,3,0,International Cup,Vienna,Austria,FALSE,507,0,0,0
1935-01-27,,Germany,Switzerland,4,0,Friendly,Stuttgart,Germany,FALSE,511,0,0,0
1935-03-17,,Czechoslovakia,Switzerland,3,1,International Cup,Prague,Czechoslovakia,FALSE,515,0,0,0
1935-04-14,,Switzerland,Hungary,6,2,International Cup,Zürich,Switzerland,FALSE,523,0,0,0
1935-05-05,,Switzerland,Republic of Ireland,1,0,Friendly,Basel,Switzerland,FALSE,524,0,0,0
1935-05-30,,Belgium,Switzerland,2,2,Friendly,Brussels,Belgium,FALSE,528,0,0,0
1935-10-27,,Switzerland,France,2,1,Friendly,Geneva,Switzerland,FALSE,531,0,0,0
1935-11-03,,Switzerland,Norway,2,0,Friendly,Zürich,Switzerland,FALSE,533,0,0,0
1935-11-10,,Hungary,Switzerland,6,1,Friendly,Budapest,Hungary,FALSE,540,0,0,0
1936-03-17,,Republic of Ireland,Switzerland,1,0,Friendly,Dublin,Irish Free State,FALSE,541,0,0,0
1936-04-05,,Switzerland,Italy,1,2,Friendly,Zürich,Switzerland,FALSE,544,0,0,0
1936-05-03,,Switzerland,Spain,0,2,Friendly,Berne,Switzerland,FALSE,546,0,0,0
1936-05-24,,Switzerland,Belgium,1,1,Friendly,Basel,Switzerland,FALSE,548,0,0,0
1936-06-18,,Norway,Switzerland,1,2,Friendly,Oslo,Norway,FALSE,551,0,0,0
1936-06-21,,Sweden,Switzerland,5,2,Friendly,Stockholm,Sweden,FALSE,558,0,0,0
1936-10-25,,Italy,Switzerland,4,2,International Cup,Milan,Italy,FALSE,564,0,0,0
1936-11-08,,Switzerland,Austria,1,3,International Cup,Zürich,Switzerland,FALSE,568,0,0,0
1937-02-21,,Czechoslovakia,Switzerland,5,3,International Cup,Prague,Czechoslovakia,FALSE,576,0,0,0
1937-03-07,,Netherlands,Switzerland,2,1,Friendly,Amsterdam,Netherlands,FALSE,579,0,0,0
1937-04-11,,Switzerland,Hungary,1,5,International Cup,Basel,Switzerland,FALSE,585,0,0,0
1937-04-18,,Belgium,Switzerland,1,2,Friendly,Brussels,Belgium,FALSE,588,0,0,0
1937-05-02,,Switzerland,Germany,0,1,Friendly,Zürich,Switzerland,FALSE,589,0,0,0
1937-05-17,,Switzerland,Republic of Ireland,0,1,Friendly,Berne,Switzerland,FALSE,590,0,0,0
1937-09-19,,Austria,Switzerland,4,3,International Cup,Vienna,Austria,FALSE,597,0,0,0
1937-10-10,,France,Switzerland,2,1,Friendly,Paris,France,FALSE,600,0,0,0
1937-10-31,,Switzerland,Italy,2,2,International Cup,Geneva,Switzerland,FALSE,604,0,0,0
1937-11-14,,Hungary,Switzerland,2,0,International Cup,Budapest,Hungary,FALSE,606,0,0,0
1938-02-06,,Germany,Switzerland,1,1,Friendly,Cologne,Germany,FALSE,608,0,0,0
1938-03-13,,Switzerland,Poland,3,3,Friendly,Zürich,Switzerland,FALSE,614,0,0,0
1938-04-03,,Switzerland,Czechoslovakia,4,0,International Cup,Basel,Switzerland,FALSE,618,0,0,0
1938-05-01,,Switzerland,Portugal,2,1,FIFA World Cup qualification,Milan,Italy,TRUE,621,0,0,0
1938-05-08,,Switzerland,Belgium,0,3,Friendly,Lausanne,Switzerland,FALSE,624,0,0,0
1938-05-21,,Switzerland,England,2,1,Friendly,Zürich,Switzerland,FALSE,627,0,0,0
1938-06-04,,Germany,Switzerland,1,1,FIFA World Cup,Paris,France,TRUE,629,0,0,0
1938-06-09,,Germany,Switzerland,2,4,FIFA World Cup,Paris,France,TRUE,635,0,0,0
1938-06-12,,Hungary,Switzerland,2,0,FIFA World Cup,Lille,France,TRUE,637,0,0,0
1938-09-18,,Republic of Ireland,Switzerland,4,0,Friendly,Dublin,Éire,FALSE,641,0,0,0
1938-11-06,,Switzerland,Portugal,1,0,Friendly,Lausanne,Switzerland,FALSE,642,0,0,0
1938-11-20,,Italy,Switzerland,2,0,Friendly,Bologna,Italy,FALSE,644,0,0,0
1939-02-12,,Portugal,Switzerland,2,4,Friendly,Lisbon,Portugal,FALSE,650,0,0,0
1939-04-02,,Switzerland,Hungary,3,1,Friendly,Zürich,Switzerland,FALSE,654,0,0,0
1939-05-07,,Switzerland,Netherlands,2,1,Friendly,Berne,Switzerland,FALSE,657,0,0,0
1939-05-14,,Belgium,Switzerland,1,2,Friendly,Liège,Belgium,FALSE,660,0,0,0
1939-06-04,,Poland,Switzerland,1,1,Friendly,Warsaw,Poland,FALSE,662,0,0,0
1939-11-12,,Switzerland,Italy,3,1,Friendly,Zürich,Switzerland,FALSE,666,0,0,0
1940-03-03,,Italy,Switzerland,1,1,Friendly,Turin,Italy,FALSE,668,0,0,0
1940-03-31,,Hungary,Switzerland,3,0,Friendly,Budapest,Hungary,FALSE,671,0,0,0
1940-04-02,,Croatia,Switzerland,4,0,Friendly,Zagreb,Croatia,FALSE,675,0,0,0
1940-04-21,,Switzerland,Croatia,0,1,Friendly,Berne,Switzerland,FALSE,676,0,0,0
1941-03-09,,Germany,Switzerland,4,2,Friendly,Stuttgart,Germany,FALSE,682,0,0,0
1941-04-20,,Switzerland,Germany,2,1,Friendly,Berne,Switzerland,FALSE,685,0,0,0
1941-11-16,,Switzerland,Hungary,1,2,Friendly,Zürich,Switzerland,FALSE,688,0,0,0
1941-12-28,,Spain,Switzerland,3,2,Friendly,Valencia,Spain,FALSE,693,0,0,0
1942-01-01,,Portugal,Switzerland,3,0,Friendly,Lisbon,Portugal,FALSE,696,0,0,0
1942-02-01,,Germany,Switzerland,1,2,Friendly,Vienna,Germany,FALSE,699,0,0,0
1942-03-08,,France,Switzerland,0,2,Friendly,Marseille,France,FALSE,701,0,0,0
1942-10-18,,Switzerland,Germany,3,5,Friendly,Berne,Switzerland,FALSE,709,0,0,0
1942-11-01,,Hungary,Switzerland,3,0,Friendly,Budapest,Hungary,FALSE,712,0,0,0
1942-11-15,,Switzerland,Sweden,3,1,Friendly,Zürich,Switzerland,FALSE,716,0,0,0
1943-04-04,,Switzerland,Croatia,1,0,Friendly,Zürich,Switzerland,FALSE,717,0,0,0
1943-05-16,,Switzerland,Hungary,1,3,Friendly,Geneva,Switzerland,FALSE,721,0,0,0
1943-06-14,,Sweden,Switzerland,1,0,Friendly,Solna,Sweden,FALSE,722,0,0,0
1945-04-08,,Switzerland,France,1,0,Friendly,Lausanne,Switzerland,FALSE,723,0,0,0
1945-05-21,,Switzerland,Portugal,1,0,Friendly,Basel,Switzerland,FALSE,724,0,0,0
1945-07-21,,Switzerland,England,3,1,Friendly,Berne,Switzerland,FALSE,728,0,0,0
1945-11-11,,Switzerland,Italy,4,4,Friendly,Zürich,Switzerland,FALSE,736,0,0,0
1945-11-25,,Switzerland,Sweden,3,0,Friendly,Geneva,Switzerland,FALSE,739,0,0,0
1946-05-11,,England,Switzerland,4,1,Friendly,London,England,FALSE,744,0,0,0
1946-05-15,,Scotland,Switzerland,3,1,Friendly,Glasgow,Scotland,FALSE,748,0,0,0
1946-07-07,,Sweden,Switzerland,7,2,Friendly,Solna,Sweden,FALSE,757,0,0,0
1946-09-14,,Czechoslovakia,Switzerland,3,2,Friendly,Prague,Czechoslovakia,FALSE,762,0,0,0
1946-11-10,,Switzerland,Austria,1,0,Friendly,Berne,Switzerland,FALSE,763,0,0,0
1947-01-05,,Portugal,Switzerland,2,2,Friendly,Lisbon,Portugal,FALSE,767,0,0,0
1947-04-27,,Italy,Switzerland,5,2,Friendly,Florence,Italy,FALSE,774,0,0,0
1947-05-18,,Switzerland,England,1,0,Friendly,Zürich,Switzerland,FALSE,775,0,0,0
1947-06-08,,Switzerland,France,1,2,Friendly,Lausanne,Switzerland,FALSE,778,0,0,0
1947-09-21,,Netherlands,Switzerland,6,2,Friendly,Amsterdam,Netherlands,FALSE,786,0,0,0
1947-11-02,,Switzerland,Belgium,4,0,Friendly,Geneva,Switzerland,FALSE,790,0,0,0
1948-04-18,,Austria,Switzerland,3,1,Friendly,Vienna,Austria,FALSE,794,0,0,0
1948-04-21,,Hungary,Switzerland,7,4,International Cup,Budapest,Hungary,FALSE,805,0,0,0
1948-05-17,,Switzerland,Scotland,2,1,Friendly,Berne,Switzerland,FALSE,808,0,0,0
1948-06-20,,Switzerland,Spain,3,3,Friendly,Zürich,Switzerland,FALSE,814,0,0,0
1948-10-10,,Switzerland,Czechoslovakia,1,1,International Cup,Basel,Switzerland,FALSE,816,0,0,0
1948-12-02,,England,Switzerland,6,0,Friendly,London,England,FALSE,822,0,0,0
1948-12-05,,Republic of Ireland,Switzerland,0,1,Friendly,Dublin,Éire,FALSE,823,0,0,0
1949-04-03,,Switzerland,Austria,1,2,International Cup,Lausanne,Switzerland,FALSE,826,0,0,0
1949-05-26,,Switzerland,Wales,4,0,Friendly,Berne,Switzerland,FALSE,830,0,0,0
1949-06-04,,France,Switzerland,4,2,Friendly,Colombes,France,FALSE,836,0,0,0
1949-06-26,,Switzerland,Luxembourg,5,2,FIFA World Cup qualification,Zürich,Switzerland,FALSE,843,0,0,0
1949-09-18,,Luxembourg,Switzerland,2,3,FIFA World Cup qualification,Luxembourg,Luxembourg,FALSE,848,0,0,0
1949-10-02,,Belgium,Switzerland,3,0,Friendly,Brussels,Belgium,FALSE,851,0,0,0
1950-03-19,,Austria,Switzerland,3,3,International Cup,Vienna,Austria,FALSE,857,0,0,0
1950-04-26,,Scotland,Switzerland,3,1,Friendly,Glasgow,Scotland,FALSE,861,0,0,0
1950-06-11,,Switzerland,Yugoslavia,0,4,Friendly,Berne,Switzerland,FALSE,865,0,0,0
1950-06-25,,Switzerland,Yugoslavia,0,3,FIFA World Cup,Belo Horizonte,Brazil,TRUE,868,0,0,0
1950-06-28,,Brazil,Switzerland,2,2,FIFA World Cup,São Paulo,Brazil,FALSE,872,0,0,0
1950-07-02,,Mexico,Switzerland,1,2,FIFA World Cup,Porto Alegre,Brazil,TRUE,875,0,0,0
1950-10-15,,Switzerland,Netherlands,7,5,Friendly,Basel,Switzerland,FALSE,887,0,0,0
1950-11-12,,Switzerland,Sweden,4,2,Friendly,Geneva,Switzerland,FALSE,893,0,0,0
1950-11-22,,Germany,Switzerland,1,0,Friendly,Stuttgart,Germany,FALSE,894,0,0,0
1951-02-18,,Spain,Switzerland,6,3,Friendly,Madrid,Spain,FALSE,903,0,0,0
1951-04-15,,Switzerland,Germany,2,3,Friendly,Zürich,Switzerland,FALSE,908,0,0,0
1951-05-16,,Wales,Switzerland,3,2,Friendly,Wrexham,Wales,FALSE,913,0,0,0
1951-06-24,,Yugoslavia,Switzerland,7,3,Friendly,Belgrade,Yugoslavia,FALSE,923,0,0,0
1951-10-14,,Switzerland,France,1,2,Friendly,Geneva,Switzerland,FALSE,926,0,0,0
1951-11-25,,Switzerland,Italy,1,1,International Cup,Lugano,Switzerland,FALSE,928,0,0,0
1952-05-28,,Switzerland,England,0,3,Friendly,Zürich,Switzerland,FALSE,931,0,0,0
1952-06-01,,Turkey,Switzerland,1,5,Friendly,Ankara,Turkey,FALSE,937,0,0,0
1952-06-22,,Switzerland,Austria,1,1,Friendly,Geneva,Switzerland,FALSE,939,0,0,0
1952-09-20,,Switzerland,Hungary,2,4,International Cup,Berne,Switzerland,FALSE,945,0,0,0
1952-11-09,,Germany,Switzerland,5,1,Friendly,Augsburg,Germany,FALSE,951,0,0,0
1952-12-28,,Italy,Switzerland,2,0,International Cup,Palermo,Italy,FALSE,953,0,0,0
1953-03-22,,Netherlands,Switzerland,1,2,Friendly,Amsterdam,Netherlands,FALSE,956,0,0,0
1953-05-25,,Switzerland,Turkey,1,2,Friendly,Berne,Switzerland,FALSE,959,0,0,0
1953-06-27,,Switzerland,Denmark,1,4,Friendly,Basel,Switzerland,FALSE,964,0,0,0
1953-09-20,,Czechoslovakia,Switzerland,5,0,International Cup,Prague,Czechoslovakia,FALSE,969,0,0,0
1953-11-11,,France,Switzerland,2,4,Friendly,Colombes,France,FALSE,975,0,0,0
1953-11-22,,Switzerland,Belgium,2,2,Friendly,Zürich,Switzerland,FALSE,979,0,0,0
1954-04-25,,Switzerland,Germany,3,5,Friendly,Basel,Switzerland,FALSE,987,0,0,0
1954-05-23,,Switzerland,Uruguay,3,3,Friendly,Lausanne,Switzerland,FALSE,993,0,0,0
1954-05-30,,Switzerland,Netherlands,3,1,Friendly,Zürich,Switzerland,FALSE,997,0,0,0
1954-06-16,,Austria,Scotland,1,0,FIFA World Cup,Zürich,Switzerland,TRUE,998,0,0,0
1954-06-16,,Brazil,Mexico,5,0,FIFA World Cup,Geneva,Switzerland,TRUE,1003,0,0,0
1954-06-16,,Czechoslovakia,Uruguay,0,2,FIFA World Cup,Berne,Switzerland,TRUE,1005,0,0,0
1954-06-16,,France,Yugoslavia,0,1,FIFA World Cup,Lausanne,Switzerland,TRUE,1006,0,0,0
1954-06-17,,Belgium,England,4,4,FIFA World Cup,Basel,Switzerland,TRUE,1014,0,0,0
1954-06-17,,Germany,Turkey,4,1,FIFA World Cup,Berne,Switzerland,TRUE,1019,0,0,0
1954-06-17,,Hungary,South Korea,9,0,FIFA World Cup,Zürich,Switzerland,TRUE,1028,0,0,0
1954-06-17,,Switzerland,Italy,2,1,FIFA World Cup,Lausanne,Switzerland,FALSE,1031,0,0,0
1954-06-19,,Austria,Czechoslovakia,5,0,FIFA World Cup,Zürich,Switzerland,TRUE,1036,0,0,0
1954-06-19,,Brazil,Yugoslavia,1,1,FIFA World Cup,Lausanne,Switzerland,TRUE,1038,0,0,0
1954-06-19,,France,Mexico,3,2,FIFA World Cup,Geneva,Switzerland,TRUE,1043,0,0,0
1954-06-19,,Scotland,Uruguay,0,7,FIFA World Cup,Basel,Switzerland,TRUE,1050,0,0,0
1954-06-20,,Belgium,Italy,1,4,FIFA World Cup,Lugano,Switzerland,TRUE,1055,0,0,0
1954-06-20,,Germany,Hungary,3,8,FIFA World Cup,Basel,Switzerland,TRUE,1066,0,0,0
1954-06-20,,South Korea,Turkey,0,7,FIFA World Cup,Geneva,Switzerland,TRUE,1073,0,0,0
1954-06-20,,Switzerland,England,0,2,FIFA World Cup,Berne,Switzerland,FALSE,1075,0,0,0
1954-06-23,,Germany,Turkey,7,2,FIFA World Cup,Zürich,Switzerland,TRUE,1084,0,0,0
1954-06-23,,Switzerland,Italy,4,1,FIFA World Cup,Basel,Switzerland,FALSE,1089,0,0,0
1954-06-26,,England,Uruguay,2,4,FIFA World Cup,Basel,Switzerland,TRUE,1095,0,0,0
1954-06-26,,Switzerland,Austria,5,7,FIFA World Cup,Lausanne,Switzerland,FALSE,1107,0,0,0
1954-06-27,,Brazil,Hungary,2,4,FIFA World Cup,Berne,Switzerland,TRUE,1113,0,0,0
1954-06-27,,Germany,Yugoslavia,2,0,FIFA World Cup,Geneva,Switzerland,TRUE,1115,0,0,0
1954-06-30,,Austria,Germany,1,6,FIFA World Cup,Basel,Switzerland,TRUE,1122,0,0,0
1954-06-30,,Hungary,Uruguay,4,2,FIFA World Cup,Lausanne,Switzerland,TRUE,1128,0,0,0
1954-07-03,,Austria,Uruguay,3,1,FIFA World Cup,Zürich,Switzerland,TRUE,1132,0,0,0
1954-07-04,,Germany,Hungary,3,2,FIFA World Cup,Berne,Switzerland,TRUE,1137,0,0,0
1954-09-19,,Denmark,Switzerland,1,1,Friendly,Copenhagen,Denmark,FALSE,1139,0,0,0
1954-10-10,,Hungary,Switzerland,3,0,Friendly,Budapest,Hungary,FALSE,1142,0,0,0
1955-05-01,,Switzerland,Austria,2,3,International Cup,Berne,Switzerland,FALSE,1147,0,0,0
1955-05-19,,Netherlands,Switzerland,4,1,Friendly,Rotterdam,Netherlands,FALSE,1152,0,0,0
1955-06-19,,Switzerland,Spain,0,3,Friendly,Geneva,Switzerland,FALSE,1155,0,0,0
1955-06-26,,Yugoslavia,Switzerland,0,0,International Cup,Belgrade,Yugoslavia,FALSE,1155,0,0,0
1955-09-17,,Switzerland,Hungary,4,5,International Cup,Lausanne,Switzerland,FALSE,1164,0,0,0
1955-10-09,,Switzerland,France,1,2,Friendly,Basel,Switzerland,FALSE,1167,0,0,0
1956-03-11,,Belgium,Switzerland,1,3,Friendly,Brussels,Belgium,FALSE,1171,0,0,0
1956-04-11,,Switzerland,Brazil,1,1,Friendly,Zürich,Switzerland,FALSE,1173,0,0,0
1956-05-01,,Saarland,Switzerland,1,1,Friendly,Saarbrücken,Saarland,FALSE,1175,0,0,0
1956-05-10,,Switzerland,Czechoslovakia,1,6,International Cup,Geneva,Switzerland,FALSE,1182,0,0,0
1956-09-15,,Switzerland,Netherlands,2,3,Friendly,Lausanne,Switzerland,FALSE,1187,0,0,0
1956-11-11,,Switzerland,Italy,1,1,International Cup,Berne,Switzerland,FALSE,1189,0,0,0
1956-11-21,,Germany,Switzerland,1,3,Friendly,Frankfurt am Main,Germany,FALSE,1193,0,0,0
1957-03-10,,Spain,Switzerland,2,2,FIFA World Cup qualification,Madrid,Spain,FALSE,1197,0,0,0
1957-04-14,,Austria,Switzerland,4,0,International Cup,Vienna,Austria,FALSE,1201,0,0,0
1957-05-19,,Switzerland,Scotland,1,2,FIFA World Cup qualification,Basel,Switzerland,FALSE,1204,0,0,0
1957-11-06,,Scotland,Switzerland,3,2,FIFA World Cup qualification,Glasgow,Scotland,FALSE,1209,0,0,0
1957-11-24,,Switzerland,Spain,1,4,FIFA World Cup qualification,Lausanne,Switzerland,FALSE,1214,0,0,0
1958-04-16,,France,Switzerland,0,0,Friendly,Paris,France,FALSE,1214,0,0,0
1958-05-07,,Sweden,Switzerland,3,2,Friendly,Helsingborg,Sweden,FALSE,1219,0,0,0
1958-05-26,,Switzerland,Belgium,0,2,Friendly,Zürich,Switzerland,FALSE,1221,0,0,0
1958-09-20,,Czechoslovakia,Switzerland,2,1,International Cup,Bratislava,Czechoslovakia,FALSE,1224,0,0,0
1958-11-02,,Netherlands,Switzerland,2,0,Friendly,Rotterdam,Netherlands,FALSE,1226,0,0,0
1959-04-26,,Switzerland,Yugoslavia,1,5,International Cup,Basel,Switzerland,FALSE,1232,0,0,0
1959-05-16,,Switzerland,Portugal,4,3,Friendly,Geneva,Switzerland,FALSE,1239,0,0,0
1959-10-04,,Switzerland,Germany,0,4,Friendly,Berne,Switzerland,FALSE,1243,0,0,0
1959-10-25,,Hungary,Switzerland,8,0,International Cup,Budapest,Hungary,FALSE,1251,0,0,0
1960-01-06,,Italy,Switzerland,3,0,International Cup,Naples,Italy,FALSE,1254,0,0,0
1960-03-27,,Belgium,Switzerland,3,1,Friendly,Brussels,Belgium,FALSE,1258,0,0,0
1960-04-06,,Switzerland,Chile,4,2,Friendly,Basel,Switzerland,FALSE,1264,0,0,0
1960-05-18,,Switzerland,Netherlands,3,1,Friendly,Zürich,Switzerland,FALSE,1268,0,0,0
1960-10-12,,Switzerland,France,6,2,Friendly,Basel,Switzerland,FALSE,1276,0,0,0
1960-11-20,,Belgium,Switzerland,2,4,FIFA World Cup qualification,Brussels,Belgium,FALSE,1282,0,0,0
1961-05-20,,Switzerland,Belgium,2,1,FIFA World Cup qualification,Lausanne,Switzerland,FALSE,1285,0,0,0
1961-05-28,,Sweden,Switzerland,4,0,FIFA World Cup qualification,Solna,Sweden,FALSE,1289,0,0,0
1961-10-29,,Switzerland,Sweden,3,2,FIFA World Cup qualification,Berne,Switzerland,FALSE,1294,0,0,0
1961-11-12,,Switzerland,Sweden,2,1,FIFA World Cup qualification,Berlin,Germany,TRUE,1297,0,0,0
1962-05-09,,England,Switzerland,3,1,Friendly,London,England,FALSE,1301,0,0,0
1962-05-30,,Chile,Switzerland,3,1,FIFA World Cup,Santiago,Chile,FALSE,1305,0,0,0
1962-06-03,,Germany,Switzerland,2,1,FIFA World Cup,Santiago,Chile,TRUE,1308,0,0,0
1962-06-07,,Italy,Switzerland,3,0,FIFA World Cup,Santiago,Chile,TRUE,1311,0,0,0
1962-11-11,,Netherlands,Switzerland,3,1,UEFA Euro qualification,Amsterdam,Netherlands,FALSE,1315,0,0,0
1962-12-23,,Germany,Switzerland,5,1,Friendly,Karlsruhe,Germany,FALSE,1321,0,0,0
1963-01-13,,Morocco,Switzerland,1,0,Friendly,Casablanca,Morocco,FALSE,1322,0,0,0
1963-03-31,,Switzerland,Netherlands,1,1,UEFA Euro qualification,Berne,Switzerland,FALSE,1324,0,0,0
1963-06-05,,Switzerland,England,1,8,Friendly,Basel,Switzerland,FALSE,1333,0,0,0
1963-11-03,,Switzerland,Norway,0,2,Friendly,Zürich,Switzerland,FALSE,1335,0,0,0
1963-11-11,,France,Switzerland,2,2,Friendly,Paris,France,FALSE,1339,0,0,0
1964-04-15,,Switzerland,Belgium,2,0,Friendly,Geneva,Switzerland,FALSE,1341,0,0,0
1964-04-29,,Switzerland,Portugal,2,3,Friendly,Zürich,Switzerland,FALSE,1346,0,0,0
1964-05-10,,Switzerland,Italy,1,3,Friendly,Lausanne,Switzerland,FALSE,1350,0,0,0
1964-07-01,,Norway,Switzerland,3,2,Friendly,Bergen,Norway,FALSE,1355,0,0,0
1964-10-04,,Switzerland,Hungary,0,2,Friendly,Berne,Switzerland,FALSE,1357,0,0,0
1964-10-14,,Northern Ireland,Switzerland,1,0,FIFA World Cup qualification,Belfast,Northern Ireland,FALSE,1358,0,0,0
1964-11-14,,Switzerland,Northern Ireland,2,1,FIFA World Cup qualification,Lausanne,Switzerland,FALSE,1361,0,0,0
1965-03-17,,Israel,Switzerland,0,0,Friendly,Jaffa,Israel,FALSE,1361,0,0,0
1965-04-11,,Albania,Switzerland,0,2,FIFA World Cup qualification,Tirana,Albania,FALSE,1363,0,0,0
1965-05-02,,Switzerland,Albania,1,0,FIFA World Cup qualification,Geneva,Switzerland,FALSE,1364,0,0,0
1965-05-26,,Switzerland,Germany,0,1,Friendly,Basel,Switzerland,FALSE,1365,0,0,0
1965-10-17,,Netherlands,Switzerland,0,0,FIFA World Cup qualification,Amsterdam,Netherlands,FALSE,1365,0,0,0
1965-11-14,,Switzerland,Netherlands,2,1,FIFA World Cup qualification,Berne,Switzerland,FALSE,1368,0,0,0
1966-04-20,,Switzerland,Russia,2,2,Friendly,Basel,Switzerland,FALSE,1372,0,0,0
1966-06-05,,Hungary,Switzerland,3,1,Friendly,Budapest,Hungary,FALSE,1376,0,0,0
1966-06-19,,Switzerland,Mexico,1,1,Friendly,Lausanne,Switzerland,FALSE,1378,0,0,0
1966-07-12,,Germany,Switzerland,5,0,FIFA World Cup,Sheffield,England,TRUE,1383,0,0,0
1966-07-15,,Spain,Switzerland,2,1,FIFA World Cup,Sheffield,England,TRUE,1386,0,0,0
1966-07-19,,Argentina,Switzerland,2,0,FIFA World Cup,Sheffield,England,TRUE,1388,0,0,0
1966-10-22,,Belgium,Switzerland,1,0,Friendly,Bruges,Belgium,FALSE,1389,0,0,0
1966-11-02,,Romania,Switzerland,4,2,UEFA Euro qualification,Bucharest,Romania,FALSE,1395,0,0,0
1967-01-05,,Mexico,Switzerland,3,0,Friendly,Mexico City,Mexico,FALSE,1398,0,0,0
1967-01-08,,Mexico,Switzerland,0,2,Friendly,Guadalajara,Mexico,FALSE,1400,0,0,0
1967-05-03,,Switzerland,Czechoslovakia,1,2,Friendly,Basel,Switzerland,FALSE,1403,0,0,0
1967-05-24,,Switzerland,Romania,7,1,UEFA Euro qualification,Zürich,Switzerland,FALSE,1411,0,0,0
1967-10-01,,Russia,Switzerland,2,2,Friendly,Moscow,Soviet Union,FALSE,1415,0,0,0
1967-11-08,,Switzerland,Cyprus,5,0,UEFA Euro qualification,Lugano,Switzerland,FALSE,1420,0,0,0
1967-11-18,,Switzerland,Italy,2,2,UEFA Euro qualification,Berne,Switzerland,FALSE,1424,0,0,0
1967-12-23,,Italy,Switzerland,4,0,UEFA Euro qualification,Cagliari,Italy,FALSE,1428,0,0,0
1968-02-14,,Israel,Switzerland,2,1,Friendly,Jaffa,Israel,FALSE,1431,0,0,0
1968-02-17,,Cyprus,Switzerland,2,1,UEFA Euro qualification,Nicosia,Cyprus,FALSE,1434,0,0,0
1968-04-17,,Switzerland,Germany,0,0,Friendly,Basel,Switzerland,FALSE,1434,0,0,0
1968-09-22,,Switzerland,Austria,1,0,Friendly,Berne,Switzerland,FALSE,1435,0,0,0
1968-10-12,,Switzerland,Greece,1,0,FIFA World Cup qualification,Basel,Switzerland,FALSE,1436,0,0,0
1968-11-23,,Romania,Switzerland,2,0,FIFA World Cup qualification,Bucharest,Romania,FALSE,1438,0,0,0
1969-03-26,,Spain,Switzerland,1,0,Friendly,Valencia,Spain,FALSE,1439,0,0,0
1969-04-16,,Portugal,Switzerland,0,2,FIFA World Cup qualification,Lisbon,Portugal,FALSE,1441,0,0,0
1969-05-14,,Switzerland,Romania,0,1,FIFA World Cup qualification,Lausanne,Switzerland,FALSE,1442,0,0,0
1969-09-24,,Turkey,Switzerland,3,0,Friendly,Istanbul,Turkey,FALSE,1445,0,0,0
1969-10-15,,Greece,Switzerland,4,1,FIFA World Cup qualification,Salonica,Greece,FALSE,1450,0,0,0
1969-11-02,,Switzerland,Portugal,1,1,FIFA World Cup qualification,Berne,Switzerland,FALSE,1452,0,0,0
1970-04-22,,Switzerland,Spain,0,1,Friendly,Lausanne,Switzerland,FALSE,1453,0,0,0
1970-05-03,,Switzerland,France,2,1,Friendly,Basel,Switzerland,FALSE,1456,0,0,0
1970-10-17,,Switzerland,Italy,1,1,Friendly,Berne,Switzerland,FALSE,1458,0,0,0
1970-11-15,,Switzerland,Hungary,0,1,Friendly,Basel,Switzerland,FALSE,1459,0,0,0
1970-12-16,,Greece,Switzerland,0,1,UEFA Euro qualification,Piraeus,Greece,FALSE,1460,0,0,0
1970-12-20,,Malta,Switzerland,1,2,UEFA Euro qualification,Gżira,Malta,FALSE,1463,0,0,0
1971-04-21,,Switzerland,Malta,5,0,UEFA Euro qualification,Lucerne,Switzerland,FALSE,1468,0,0,0
1971-05-05,,Switzerland,Poland,2,4,Friendly,Lausanne,Switzerland,FALSE,1474,0,0,0
1971-05-12,,Switzerland,Greece,1,0,UEFA Euro qualification,Berne,Switzerland,FALSE,1475,0,0,0
1971-09-26,,Switzerland,Turkey,4,0,Friendly,Zürich,Switzerland,FALSE,1479,0,0,0
1971-10-13,,Switzerland,England,2,3,UEFA Euro qualification,Basel,Switzerland,FALSE,1484,0,0,0
1971-11-10,,England,Switzerland,1,1,UEFA Euro qualification,London,England,FALSE,1486,0,0,0
1972-04-26,,Switzerland,Sweden,1,1,Friendly,Geneva,Switzerland,FALSE,1488,0,0,0
1972-05-10,,Poland,Switzerland,0,0,Friendly,Poznań,Poland,FALSE,1488,0,0,0
1972-10-04,,Denmark,Switzerland,1,1,Friendly,Copenhagen,Denmark,FALSE,1490,0,0,0
1972-10-21,,Switzerland,Italy,0,0,FIFA World Cup qualification,Berne,Switzerland,FALSE,1490,0,0,0
1972-11-15,,Germany,Switzerland,5,1,Friendly,Düsseldorf,Germany,FALSE,1496,0,0,0
1973-04-08,,Luxembourg,Switzerland,0,1,FIFA World Cup qualification,Luxembourg,Luxembourg,FALSE,1497,0,0,0
1973-05-09,,Switzerland,Turkey,0,0,FIFA World Cup qualification,Basel,Switzerland,FALSE,1497,0,0,0
1973-06-22,,Switzerland,Scotland,1,0,Friendly,Berne,Switzerland,FALSE,1498,0,0,0
1973-09-26,,Switzerland,Luxembourg,1,0,FIFA World Cup qualification,Lucerne,Switzerland,FALSE,1499,0,0,0
1973-10-20,,Italy,Switzerland,2,0,FIFA World Cup qualification,Rome,Italy,FALSE,1501,0,0,0
1973-11-18,,Turkey,Switzerland,2,0,FIFA World Cup qualification,Izmir,Turkey,FALSE,1503,0,0,0
1974-05-01,,Switzerland,Belgium,0,1,Friendly,Geneva,Switzerland,FALSE,1504,0,0,0
1974-06-09,,Sweden,Switzerland,0,0,Friendly,Malmö,Sweden,FALSE,1504,0,0,0
1974-09-04,,Switzerland,Germany,1,2,Friendly,Basel,Switzerland,FALSE,1507,0,0,0
1974-10-09,,Netherlands,Switzerland,1,0,Friendly,Rotterdam,Netherlands,FALSE,1508,0,0,0
1974-11-13,,Switzerland,Portugal,3,0,Friendly,Berne,Switzerland,FALSE,1511,0,0,0
1974-12-01,,Turkey,Switzerland,2,1,UEFA Euro qualification,Izmir,Turkey,FALSE,1514,0,0,0
1974-12-04,,Hungary,Switzerland,1,0,Friendly,Szolnok,Hungary,FALSE,1515,0,0,0
1975-04-30,,Switzerland,Turkey,1,1,UEFA Euro qualification,Basel,Switzerland,FALSE,1517,0,0,0
1975-05-10,,Republic of Ireland,Switzerland,2,1,UEFA Euro qualification,Dublin,Republic of Ireland,FALSE,1520,0,0,0
1975-05-21,,Switzerland,Republic of Ireland,1,0,UEFA Euro qualification,Berne,Switzerland,FALSE,1521,0,0,0
1975-09-03,,Switzerland,England,1,2,Friendly,Basel,Switzerland,FALSE,1524,0,0,0
1975-09-24,,Czechoslovakia,Switzerland,1,1,Friendly,Brno,Czechoslovakia,FALSE,1526,0,0,0
1975-10-12,,Switzerland,Russia,0,1,UEFA Euro qualification,Zürich,Switzerland,FALSE,1527,0,0,0
1975-11-12,,Russia,Switzerland,4,1,UEFA Euro qualification,Kyiv,Soviet Union,FALSE,1532,0,0,0
1976-04-07,,Scotland,Switzerland,1,0,Friendly,Glasgow,Scotland,FALSE,1533,0,0,0
1976-04-30,,Switzerland,Hungary,0,1,Friendly,Lausanne,Switzerland,FALSE,1534,0,0,0
1976-05-11,,Switzerland,Poland,2,1,Friendly,Basel,Switzerland,FALSE,1537,0,0,0
1976-05-19,,Finland,Switzerland,1,0,Friendly,Kuopio,Finland,FALSE,1538,0,0,0
1976-08-17,,Switzerland,Bulgaria,2,2,Friendly,Lucerne,Switzerland,FALSE,1542,0,0,0
1976-09-08,,Norway,Switzerland,1,0,FIFA World Cup qualification,Oslo,Norway,FALSE,1543,0,0,0
1976-09-22,,Austria,Switzerland,3,1,Friendly,Linz,Austria,FALSE,1547,0,0,0
1976-10-09,,Switzerland,Sweden,1,2,FIFA World Cup qualification,Basel,Switzerland,FALSE,1550,0,0,0
1977-03-30,,Portugal,Switzerland,1,0,Friendly,Funchal,Portugal,FALSE,1551,0,0,0
1977-04-23,,Switzerland,France,0,4,Friendly,Geneva,Switzerland,FALSE,1555,0,0,0
1977-05-24,,Switzerland,Czechoslovakia,1,0,Friendly,Basel,Switzerland,FALSE,1556,0,0,0
1977-06-08,,Sweden,Switzerland,2,1,FIFA World Cup qualification,Solna,Sweden,FALSE,1559,0,0,0
1977-09-07,,England,Switzerland,0,0,Friendly,London,England,FALSE,1559,0,0,0
1977-09-21,,Switzerland,Spain,1,2,Friendly,Berne,Switzerland,FALSE,1562,0,0,0
1977-10-05,,Switzerland,Finland,2,0,Friendly,Zürich,Switzerland,FALSE,1564,0,0,0
1977-10-30,,Switzerland,Norway,1,0,FIFA World Cup qualification,Berne,Switzerland,FALSE,1565,0,0,0
1977-11-16,,Germany,Switzerland,4,1,Friendly,Stuttgart,Germany,FALSE,1570,0,0,0
1978-03-08,,German DR,Switzerland,3,1,Friendly,Karl-Marx-Stadt,German DR,FALSE,1574,0,0,0
1978-04-04,,Switzerland,Austria,0,1,Friendly,Basel,Switzerland,FALSE,1575,0,0,0
1978-09-06,,Switzerland,United States,2,0,Friendly,Lucerne,Switzerland,FALSE,1577,0,0,0
1978-10-11,,Switzerland,Netherlands,1,3,UEFA Euro qualification,Berne,Switzerland,FALSE,1581,0,0,0
1978-11-15,,Poland,Switzerland,2,0,UEFA Euro qualification,Wrocław,Poland,FALSE,1583,0,0,0
1979-03-28,,Netherlands,Switzerland,3,0,UEFA Euro qualification,Eindhoven,Netherlands,FALSE,1586,0,0,0
1979-05-05,,Switzerland,German DR,0,2,UEFA Euro qualification,St. Gallen,Switzerland,FALSE,1588,0,0,0
1979-05-22,,Argentina,Netherlands,0,0,FIFA 75th Anniversary Cup,Berne,Switzerland,TRUE,1588,0,0,0
1979-05-22,,Switzerland,Iceland,2,0,UEFA Euro qualification,Berne,Switzerland,FALSE,1590,0,0,0
1979-06-09,,Iceland,Switzerland,1,2,UEFA Euro qualification,Reykjavík,Iceland,FALSE,1593,0,0,0
1979-09-12,,Switzerland,Poland,0,2,UEFA Euro qualification,Lausanne,Switzerland,FALSE,1595,0,0,0
1979-10-13,,German DR,Switzerland,5,2,UEFA Euro qualification,Berlin,German DR,FALSE,1602,0,0,0
1979-11-17,,Italy,Switzerland,2,0,Friendly,Udine,Italy,FALSE,1604,0,0,0
1980-03-26,,Switzerland,Czechoslovakia,2,0,Friendly,Basel,Switzerland,FALSE,1606,0,0,0
1980-04-01,,Switzerland,Greece,2,0,Friendly,Zürich,Switzerland,FALSE,1608,0,0,0
1980-04-30,,Republic of Ireland,Switzerland,2,0,Friendly,Dublin,Republic of Ireland,FALSE,1610,0,0,0
1980-08-27,,Switzerland,Denmark,1,1,Friendly,Lausanne,Switzerland,FALSE,1612,0,0,0
1980-09-10,,Switzerland,Germany,2,3,Friendly,Berne,Switzerland,FALSE,1617,0,0,0
1980-10-29,,Switzerland,Norway,1,2,FIFA World Cup qualification,Berne,Switzerland,FALSE,1620,0,0,0
1980-11-19,,England,Switzerland,2,1,FIFA World Cup qualification,London,England,FALSE,1623,0,0,0
1980-12-16,,Argentina,Switzerland,5,0,Friendly,Córdoba,Argentina,FALSE,1628,0,0,0
1980-12-18,,Uruguay,Switzerland,4,0,Friendly,Montevideo,Uruguay,FALSE,1632,0,0,0
1980-12-21,,Brazil,Switzerland,2,0,Friendly,Cuiabá,Brazil,FALSE,1634,0,0,0
1981-03-24,,Czechoslovakia,Switzerland,0,1,Friendly,Bratislava,Czechoslovakia,FALSE,1635,0,0,0
1981-04-28,,Switzerland,Hungary,2,2,FIFA World Cup qualification,Lucerne,Switzerland,FALSE,1639,0,0,0
1981-05-30,,Switzerland,England,2,1,FIFA World Cup qualification,Basel,Switzerland,FALSE,1642,0,0,0
1981-06-17,,Norway,Switzerland,1,1,FIFA World Cup qualification,Oslo,Norway,FALSE,1644,0,0,0
1981-09-01,,Switzerland,Netherlands,2,1,Friendly,Zürich,Switzerland,FALSE,1647,0,0,0
1981-10-10,,Romania,Switzerland,1,2,FIFA World Cup qualification,Bucharest,Romania,FALSE,1650,0,0,0
1981-10-14,,Hungary,Switzerland,3,0,FIFA World Cup qualification,Budapest,Hungary,FALSE,1653,0,0,0
1981-11-11,,Switzerland,Romania,0,0,FIFA World Cup qualification,Berne,Switzerland,FALSE,1653,0,0,0
1982-03-09,,Liechtenstein,Switzerland,0,1,Friendly,Balzers,Liechtenstein,FALSE,1654,0,0,0
1982-03-24,,Switzerland,Portugal,2,1,Friendly,Lugano,Switzerland,FALSE,1657,0,0,0
1982-04-28,,Spain,Switzerland,2,0,Friendly,Valencia,Spain,FALSE,1659,0,0,0
1982-05-19,,Brazil,Switzerland,1,1,Friendly,Recife,Brazil,FALSE,1661,0,0,0
1982-05-28,,Switzerland,Italy,1,1,Friendly,Geneva,Switzerland,FALSE,1663,0,0,0
1982-09-07,,Switzerland,Bulgaria,3,2,Friendly,St. Gallen,Switzerland,FALSE,1668,0,0,0
1982-10-06,,Belgium,Switzerland,3,0,UEFA Euro qualification,Brussels,Belgium,FALSE,1671,0,0,0
1982-10-27,,Italy,Switzerland,0,1,Friendly,Rome,Italy,FALSE,1672,0,0,0
1982-11-17,,Switzerland,Scotland,2,0,UEFA Euro qualification,Berne,Switzerland,FALSE,1674,0,0,0
1982-12-01,,Greece,Switzerland,1,3,Friendly,Athens,Greece,FALSE,1678,0,0,0
1983-03-30,,Scotland,Switzerland,2,2,UEFA Euro qualification,Glasgow,Scotland,FALSE,1682,0,0,0
1983-04-13,,Switzerland,Russia,0,1,Friendly,Lausanne,Switzerland,FALSE,1683,0,0,0
1983-05-14,,Switzerland,German DR,0,0,UEFA Euro qualification,Berne,Switzerland,FALSE,1683,0,0,0
1983-06-17,,Switzerland,Brazil,1,2,Friendly,Basel,Switzerland,FALSE,1686,0,0,0
1983-09-07,,Switzerland,Czechoslovakia,0,0,Friendly,Neuchâtel,Switzerland,FALSE,1686,0,0,0
1983-10-12,,German DR,Switzerland,3,0,UEFA Euro qualification,Berlin,German DR,FALSE,1689,0,0,0
1983-10-26,,Switzerland,Yugoslavia,2,0,Friendly,Basel,Switzerland,FALSE,1691,0,0,0
1983-11-09,,Switzerland,Belgium,3,1,UEFA Euro qualification,Berne,Switzerland,FALSE,1695,0,0,0
1983-11-30,,Algeria,Switzerland,1,2,Friendly,Algiers,Algeria,FALSE,1698,0,0,0
1983-12-02,,Ivory Coast,Switzerland,1,0,Friendly,Abidjan,Ivory Coast,FALSE,1699,0,0,0
1983-12-04,,Zimbabwe,Switzerland,3,2,Friendly,Harare,Zimbabwe,FALSE,1704,0,0,0
1983-12-06,,Kenya,Switzerland,0,0,Friendly,Mombasa,Kenya,FALSE,1704,0,0,0
1984-03-27,,Switzerland,Poland,1,1,Friendly,Zürich,Switzerland,FALSE,1706,0,0,0
1984-05-02,,Switzerland,Sweden,0,0,Friendly,Berne,Switzerland,FALSE,1706,0,0,0
1984-05-22,,Germany,Italy,1,0,Friendly,Zürich,Switzerland,TRUE,1707,0,0,0
1984-05-26,,Switzerland,Spain,0,4,Friendly,Geneva,Switzerland,FALSE,1711,0,0,0
1984-08-22,,Hungary,Switzerland,3,0,Friendly,Budapest,Hungary,FALSE,1714,0,0,0
1984-09-01,,Switzerland,Argentina,0,2,Friendly,Berne,Switzerland,FALSE,1716,0,0,0
1984-09-12,,Norway,Switzerland,0,1,FIFA World Cup qualification,Oslo,Norway,FALSE,1717,0,0,0
1984-10-17,,Switzerland,Denmark,1,0,FIFA World Cup qualification,Berne,Switzerland,FALSE,1718,0,0,0
1984-11-03,,Switzerland,Italy,1,1,Friendly,Lausanne,Switzerland,FALSE,1720,0,0,0
1985-02-01,,Colombia,Switzerland,2,2,Friendly,Bogotá,Colombia,FALSE,1724,0,0,0
1985-02-05,,Bulgaria,Switzerland,1,0,Friendly,Querétaro,Mexico,TRUE,1725,0,0,0
1985-02-06,,Mexico,Switzerland,1,2,Friendly,Querétaro,Mexico,FALSE,1728,0,0,0
1985-02-08,,United States,Switzerland,1,1,Friendly,Tampa,United States,FALSE,1730,0,0,0
1985-03-27,,Switzerland,Czechoslovakia,2,0,Friendly,Sion,Switzerland,FALSE,1732,0,0,0
1985-04-17,,Switzerland,Russia,2,2,FIFA World Cup qualification,Berne,Switzerland,FALSE,1736,0,0,0
1985-05-02,,Russia,Switzerland,4,0,FIFA World Cup qualification,Moscow,Soviet Union,TRUE,1740,0,0,0
1985-06-02,,Republic of Ireland,Switzerland,3,0,FIFA World Cup qualification,Dublin,Republic of Ireland,FALSE,1743,0,0,0
1985-08-28,,Switzerland,Turkey,0,0,Friendly,St. Gallen,Switzerland,FALSE,1743,0,0,0
1985-09-11,,Switzerland,Republic of Ireland,0,0,FIFA World Cup qualification,Berne,Switzerland,FALSE,1743,0,0,0
1985-10-09,,Denmark,Switzerland,0,0,FIFA World Cup qualification,Copenhagen,Denmark,FALSE,1743,0,0,0
1985-11-13,,Switzerland,Norway,1,1,FIFA World Cup qualification,Lucerne,Switzerland,FALSE,1745,0,0,0
1986-03-12,,Turkey,Switzerland,1,0,Friendly,Adana,Turkey,FALSE,1746,0,0,0
1986-04-09,,Switzerland,Germany,0,1,Friendly,Basel,Switzerland,FALSE,1747,0,0,0
1986-05-06,,Switzerland,Algeria,2,0,Friendly,Geneva,Switzerland,FALSE,1749,0,0,0
1986-08-19,,Switzerland,France,2,0,Friendly,Lausanne,Switzerland,FALSE,1751,0,0,0
1986-08-27,,Austria,Switzerland,1,1,Friendly,Innsbruck,Austria,FALSE,1753,0,0,0
1986-09-24,,Sweden,Switzerland,2,0,UEFA Euro qualification,Solna,Sweden,FALSE,1755,0,0,0
1986-10-29,,Switzerland,Portugal,1,1,UEFA Euro qualification,Berne,Switzerland,FALSE,1757,0,0,0
1986-11-15,,Italy,Switzerland,3,2,UEFA Euro qualification,Milan,Italy,FALSE,1762,0,0,0
1987-03-25,,Switzerland,Czechoslovakia,1,2,Friendly,Bellinzona,Switzerland,FALSE,1765,0,0,0
1987-04-15,,Switzerland,Malta,4,1,UEFA Euro qualification,Neuchâtel,Switzerland,FALSE,1770,0,0,0
1987-05-19,,Switzerland,Israel,1,0,Friendly,Aarau,Switzerland,FALSE,1771,0,0,0
1987-06-10,,Argentina,Italy,1,3,Friendly,Zürich,Switzerland,TRUE,1775,0,0,0
1987-06-17,,Switzerland,Sweden,1,1,UEFA Euro qualification,Lausanne,Switzerland,FALSE,1777,0,0,0
1987-08-18,,Switzerland,Austria,2,2,Friendly,St. Gallen,Switzerland,FALSE,1781,0,0,0
1987-10-17,,Switzerland,Italy,0,0,UEFA Euro qualification,Berne,Switzerland,FALSE,1781,0,0,0
1987-11-11,,Portugal,Switzerland,0,0,UEFA Euro qualification,Porto,Portugal,FALSE,1781,0,0,0
1987-11-15,,Malta,Switzerland,1,1,UEFA Euro qualification,Attard,Malta,FALSE,1783,0,0,0
1987-12-16,,Israel,Switzerland,0,2,Friendly,Ramat-Gan,Israel,FALSE,1785,0,0,0
1988-02-02,,France,Switzerland,2,1,Tournoi de France,Toulouse,France,FALSE,1788,0,0,0
1988-02-05,,Austria,Switzerland,1,2,Tournoi de France,Monaco,Monaco,TRUE,1791,0,0,0
1988-04-27,,Germany,Switzerland,1,0,Friendly,Kaiserslautern,Germany,FALSE,1792,0,0,0
1988-05-28,,Switzerland,England,0,1,Friendly,Basel,Switzerland,FALSE,1793,0,0,0
1988-06-05,,Switzerland,Spain,1,1,Friendly,Basel,Switzerland,FALSE,1795,0,0,0
1988-08-24,,Switzerland,Yugoslavia,0,2,Friendly,Lucerne,Switzerland,FALSE,1797,0,0,0
1988-09-21,,Luxembourg,Switzerland,1,4,FIFA World Cup qualification,Luxembourg,Luxembourg,FALSE,1802,0,0,0
1988-10-19,,Belgium,Switzerland,1,0,FIFA World Cup qualification,Brussels,Belgium,FALSE,1803,0,0,0
1988-12-14,,Egypt,Switzerland,1,3,Friendly,Cairo,Egypt,FALSE,1807,0,0,0
1989-04-04,,Hungary,Switzerland,3,0,Friendly,Budapest,Hungary,FALSE,1810,0,0,0
1989-04-26,,Portugal,Switzerland,3,1,FIFA World Cup qualification,Lisbon,Portugal,FALSE,1814,0,0,0
1989-06-07,,Switzerland,Czechoslovakia,0,1,FIFA World Cup qualification,Berne,Switzerland,FALSE,1815,0,0,0
1989-06-21,,Switzerland,Brazil,1,0,Friendly,Basel,Switzerland,FALSE,1816,0,0,0
1989-09-20,,Switzerland,Portugal,1,2,FIFA World Cup qualification,Neuchâtel,Switzerland,FALSE,1819,0,0,0
1989-10-11,,Switzerland,Belgium,2,2,FIFA World Cup qualification,Basel,Switzerland,FALSE,1823,0,0,0
1989-10-25,,Czechoslovakia,Switzerland,3,0,FIFA World Cup qualification,Prague,Czechoslovakia,FALSE,1826,0,0,0
1989-11-15,,Switzerland,Luxembourg,2,1,FIFA World Cup qualification,St. Gallen,Switzerland,FALSE,1829,0,0,0
1989-12-13,,Spain,Switzerland,2,1,Friendly,Santa Cruz de Tenerife,Spain,FALSE,1832,0,0,0
1990-03-31,,Switzerland,Italy,0,1,Friendly,Basel,Switzerland,FALSE,1833,0,0,0
1990-04-03,,Switzerland,Romania,2,1,Friendly,Lucerne,Switzerland,FALSE,1836,0,0,0
1990-05-08,,Switzerland,Argentina,1,1,Friendly,Berne,Switzerland,FALSE,1838,0,0,0
1990-06-02,,Switzerland,United States,2,1,Friendly,St. Gallen,Switzerland,FALSE,1841,0,0,0
1990-08-21,,Austria,Switzerland,1,3,Friendly,Vienna,Austria,FALSE,1845,0,0,0
1990-09-12,,Switzerland,Bulgaria,2,0,UEFA Euro qualification,Geneva,Switzerland,FALSE,1847,0,0,0
1990-10-17,,Scotland,Switzerland,2,1,UEFA Euro qualification,Glasgow,Scotland,FALSE,1850,0,0,0
1990-11-14,,San Marino,Switzerland,0,4,UEFA Euro qualification,Serravalle,San Marino,FALSE,1854,0,0,0
1990-12-19,,Germany,Switzerland,4,0,Friendly,Stuttgart,Germany,FALSE,1858,0,0,0
1991-02-01,,United States,Switzerland,0,1,Friendly,Miami,United States,FALSE,1859,0,0,0
1991-02-03,,Colombia,Switzerland,2,3,Friendly,Miami,United States,TRUE,1864,0,0,0
1991-03-12,,Liechtenstein,Switzerland,0,6,Friendly,Balzers,Liechtenstein,FALSE,1870,0,0,0
1991-04-03,,Switzerland,Romania,0,0,UEFA Euro qualification,Neuchâtel,Switzerland,FALSE,1870,0,0,0
1991-05-01,,Bulgaria,Switzerland,2,3,UEFA Euro qualification,Sofia,Bulgaria,FALSE,1875,0,0,0
1991-06-05,,Switzerland,San Marino,7,0,UEFA Euro qualification,St. Gallen,Switzerland,FALSE,1882,0,0,0
1991-08-21,,Czechoslovakia,Switzerland,1,1,Friendly,Prague,Czechoslovakia,FALSE,1884,0,0,0
1991-09-11,,Switzerland,Scotland,2,2,UEFA Euro qualification,Berne,Switzerland,FALSE,1888,0,0,0
1991-10-09,,Switzerland,Sweden,3,1,Friendly,Lucerne,Switzerland,FALSE,1892,0,0,0
1991-11-13,,Romania,Switzerland,1,0,UEFA Euro qualification,Bucharest,Romania,FALSE,1893,0,0,0
1992-03-25,,Republic of Ireland,Switzerland,2,1,Friendly,Dublin,Republic of Ireland,FALSE,1896,0,0,0
1992-04-28,,Switzerland,Bulgaria,0,2,Friendly,Berne,Switzerland,FALSE,1898,0,0,0
1992-05-27,,Switzerland,France,2,1,Friendly,Lausanne,Switzerland,FALSE,1901,0,0,0
1992-08-16,,Estonia,Switzerland,0,6,FIFA World Cup qualification,Tallinn,Estonia,FALSE,1907,0,0,0
1992-09-09,,Switzerland,Scotland,3,1,FIFA World Cup qualification,Berne,Switzerland,FALSE,1911,0,0,0
1992-10-14,,Italy,Switzerland,2,2,FIFA World Cup qualification,Cagliari,Italy,FALSE,1915,0,0,0
1992-11-18,,Switzerland,Malta,3,0,FIFA World Cup qualification,Berne,Switzerland,FALSE,1918,0,0,0
1993-03-17,,Tunisia,Switzerland,0,1,Friendly,Tunis,Tunisia,FALSE,1919,0,0,0
1993-03-31,,Switzerland,Portugal,1,1,FIFA World Cup qualification,Berne,Switzerland,FALSE,1921,0,0,0
1993-04-17,,Malta,Switzerland,0,2,FIFA World Cup qualification,Attard,Malta,FALSE,1923,0,0,0
1993-05-01,,Switzerland,Italy,1,0,FIFA World Cup qualification,Berne,Switzerland,FALSE,1924,0,0,0
1993-08-11,,Sweden,Switzerland,1,2,Friendly,Borås,Sweden,FALSE,1927,0,0,0
1993-09-08,,Scotland,Switzerland,1,1,FIFA World Cup qualification,Aberdeen,Scotland,FALSE,1929,0,0,0
1993-10-13,,Portugal,Switzerland,1,0,FIFA World Cup qualification,Porto,Portugal,FALSE,1930,0,0,0
1993-11-17,,Switzerland,Estonia,4,0,FIFA World Cup qualification,Zürich,Switzerland,FALSE,1934,0,0,0
1994-01-22,,United States,Switzerland,1,1,Friendly,Fullerton,United States,FALSE,1936,0,0,0
1994-01-26,,Mexico,Switzerland,1,5,Friendly,Oakland,United States,TRUE,1942,0,0,0
1994-03-09,,Hungary,Switzerland,1,2,Friendly,Budapest,Hungary,FALSE,1945,0,0,0
1994-04-20,,Switzerland,Czech Republic,3,0,Friendly,Zürich,Switzerland,FALSE,1948,0,0,0
1994-05-27,,Switzerland,Liechtenstein,2,0,Friendly,Basel,Switzerland,FALSE,1950,0,0,0
1994-06-03,,Italy,Switzerland,1,0,Friendly,Rome,Italy,FALSE,1951,0,0,0
1994-06-11,,Bolivia,Switzerland,0,0,Friendly,Montréal,Canada,TRUE,1951,0,0,0
1994-06-18,,United States,Switzerland,1,1,FIFA World Cup,Pontiac,United States,FALSE,1953,0,0,0
1994-06-22,,Romania,Switzerland,1,4,FIFA World Cup,Pontiac,United States,TRUE,1958,0,0,0
1994-06-26,,Switzerland,Colombia,0,2,FIFA World Cup,Palo Alto,United States,TRUE,1960,0,0,0
1994-07-02,,Spain,Switzerland,3,0,FIFA World Cup,Washington,United States,TRUE,1963,0,0,0
1994-09-06,,Switzerland,United Arab Emirates,1,0,Friendly,Sion,Switzerland,FALSE,1964,0,0,0
1994-10-12,,Switzerland,Sweden,4,2,UEFA Euro qualification,Berne,Switzerland,FALSE,1970,0,0,0
1994-11-16,,Switzerland,Iceland,1,0,UEFA Euro qualification,Lausanne,Switzerland,FALSE,1971,0,0,0
1994-12-14,,Turkey,Switzerland,1,2,UEFA Euro qualification,Istanbul,Turkey,FALSE,1974,0,0,0
1995-03-08,,Greece,Switzerland,1,1,Friendly,Athens,Greece,FALSE,1976,0,0,0
1995-03-29,,Hungary,Switzerland,2,2,UEFA Euro qualification,Budapest,Hungary,FALSE,1980,0,0,0
1995-04-26,,Switzerland,Turkey,1,2,UEFA Euro qualification,Berne,Switzerland,FALSE,1983,0,0,0
1995-06-19,,Switzerland,Italy,0,1,Friendly,Lausanne,Switzerland,FALSE,1984,0,0,0
1995-06-21,,Germany,Italy,2,0,Friendly,Zürich,Switzerland,TRUE,1986,0,0,0
1995-06-23,,Switzerland,Germany,1,2,Friendly,Berne,Switzerland,FALSE,1989,0,0,0
1995-08-16,,Iceland,Switzerland,0,2,UEFA Euro qualification,Reykjavík,Iceland,FALSE,1991,0,0,0
1995-09-06,,Sweden,Switzerland,0,0,UEFA Euro qualification,Gothenburg,Sweden,FALSE,1991,0,0,0
1995-10-11,,Switzerland,Hungary,3,0,UEFA Euro qualification,Zürich,Switzerland,FALSE,1994,0,0,0
1995-11-15,,England,Switzerland,3,1,Friendly,London,England,FALSE,1998,0,0,0
1996-03-13,,Luxembourg,Switzerland,1,1,Friendly,Luxembourg,Luxembourg,FALSE,2000,0,0,0
1996-03-27,,Austria,Switzerland,1,0,Friendly,Vienna,Austria,FALSE,2001,0,0,0
1996-04-24,,Switzerland,Wales,2,0,Friendly,Lugano,Switzerland,FALSE,2003,0,0,0
1996-06-01,,Switzerland,Czech Republic,1,2,Friendly,Basel,Switzerland,FALSE,2006,0,0,0
1996-06-08,,England,Switzerland,1,1,UEFA Euro,London,England,FALSE,2008,0,0,0
1996-06-13,,Switzerland,Netherlands,0,2,UEFA Euro,Birmingham,England,TRUE,2010,0,0,0
1996-06-18,,Scotland,Switzerland,1,0,UEFA Euro,Birmingham,England,TRUE,2011,0,0,0
1996-08-31,,Azerbaijan,Switzerland,1,0,FIFA World Cup qualification,Baku,Azerbaijan,FALSE,2012,0,0,0
1996-10-06,,Finland,Switzerland,2,3,FIFA World Cup qualification,Helsinki,Finland,FALSE,2017,0,0,0
1996-11-10,,Switzerland,Norway,0,1,FIFA World Cup qualification,Berne,Switzerland,FALSE,2018,0,0,0
1997-02-10,,Russia,Switzerland,2,1,Lunar New Year Cup,So Kon Po,Hong Kong,TRUE,2021,0,0,0
1997-04-02,,Switzerland,Latvia,1,0,Friendly,Lucerne,Switzerland,FALSE,2022,0,0,0
1997-04-30,,Switzerland,Hungary,1,0,FIFA World Cup qualification,Zürich,Switzerland,FALSE,2023,0,0,0
1997-08-06,,Slovakia,Switzerland,1,0,Friendly,Bratislava,Slovakia,FALSE,2024,0,0,0
1997-08-20,,Hungary,Switzerland,1,1,FIFA World Cup qualification,Budapest,Hungary,FALSE,2026,0,0,0
1997-09-06,,Switzerland,Finland,1,2,FIFA World Cup qualification,Lausanne,Switzerland,FALSE,2029,0,0,0
1997-09-10,,Albania,Northern Ireland,1,0,FIFA World Cup qualification,Zürich,Switzerland,TRUE,2030,0,0,0
1997-09-10,,Norway,Switzerland,5,0,FIFA World Cup qualification,Oslo,Norway,FALSE,2035,0,0,0
1997-10-11,,Switzerland,Azerbaijan,5,0,FIFA World Cup qualification,Zürich,Switzerland,FALSE,2040,0,0,0
1998-03-25,,Switzerland,England,1,1,Friendly,Berne,Switzerland,FALSE,2042,0,0,0
1998-04-22,,Northern Ireland,Switzerland,1,0,Friendly,Belfast,Northern Ireland,FALSE,2043,0,0,0
1998-05-31,,Japan,Mexico,1,2,Friendly,Lausanne,Switzerland,TRUE,2046,0,0,0
1998-06-03,,Serbia,Japan,1,0,Friendly,Lausanne,Switzerland,TRUE,2047,0,0,0
1998-06-06,,Switzerland,Serbia,1,1,Friendly,Basel,Switzerland,FALSE,2049,0,0,0
1998-09-02,,Serbia,Switzerland,1,1,Friendly,Niš,Yugoslavia,FALSE,2051,0,0,0
1998-10-10,,Italy,Switzerland,2,0,UEFA Euro qualification,Udine,Italy,FALSE,2053,0,0,0
1998-10-14,,Switzerland,Denmark,1,1,UEFA Euro qualification,Zürich,Switzerland,FALSE,2055,0,0,0
1998-11-18,,Hungary,Switzerland,2,0,Friendly,Budapest,Hungary,FALSE,2057,0,0,0
1999-02-06,,Slovenia,Switzerland,0,2,Friendly,Muscat,Oman,TRUE,2059,0,0,0
1999-02-10,,Oman,Switzerland,1,2,Friendly,Muscat,Oman,FALSE,2062,0,0,0
1999-03-10,,Switzerland,Austria,2,4,Friendly,St. Gallen,Switzerland,FALSE,2068,0,0,0
1999-03-27,,Belarus,Switzerland,0,1,UEFA Euro qualification,Minsk,Belarus,FALSE,2069,0,0,0
1999-03-31,,Switzerland,Wales,2,0,UEFA Euro qualification,Zürich,Switzerland,FALSE,2071,0,0,0
1999-04-28,,Greece,Switzerland,1,1,Friendly,Athens,Greece,FALSE,2073,0,0,0
1999-06-09,,Switzerland,Italy,0,0,UEFA Euro qualification,Lausanne,Switzerland,FALSE,2073,0,0,0
1999-08-18,,Czech Republic,Switzerland,3,0,Friendly,Drnovice,Czech Republic,FALSE,2076,0,0,0
1999-09-04,,Denmark,Switzerland,2,1,UEFA Euro qualification,Copenhagen,Denmark,FALSE,2079,0,0,0
1999-09-08,,Switzerland,Belarus,2,0,UEFA Euro qualification,Lausanne,Switzerland,FALSE,2081,0,0,0
1999-10-09,,Wales,Switzerland,0,2,UEFA Euro qualification,Wrexham,Wales,FALSE,2083,0,0,0
2000-02-19,,Oman,Switzerland,1,4,Friendly,Muscat,Oman,FALSE,2088,0,0,0
2000-02-23,,United Arab Emirates,Switzerland,1,0,Friendly,Muscat,Oman,TRUE,2089,0,0,0
2000-03-29,,Switzerland,Norway,2,2,Friendly,Lugano,Switzerland,FALSE,2093,0,0,0
2000-04-26,,Germany,Switzerland,1,1,Friendly,Kaiserslautern,Germany,FALSE,2095,0,0,0
2000-06-04,,Netherlands,Poland,3,1,Friendly,Lausanne,Switzerland,TRUE,2099,0,0,0
2000-08-16,,Switzerland,Greece,2,2,Friendly,St. Gallen,Switzerland,FALSE,2103,0,0,0
2000-09-02,,Switzerland,Russia,0,1,FIFA World Cup qualification,Zürich,Switzerland,FALSE,2104,0,0,0
2000-10-07,,Switzerland,Faroe Islands,5,1,FIFA World Cup qualification,Zürich,Switzerland,FALSE,2110,0,0,0
2000-10-11,,Slovenia,Switzerland,2,2,FIFA World Cup qualification,Ljubljana,Slovenia,FALSE,2114,0,0,0
2000-11-15,,Tunisia,Switzerland,1,1,Friendly,Tunis,Tunisia,FALSE,2116,0,0,0
2001-02-28,,Switzerland,Poland,0,4,Friendly,Larnaca,Cyprus,TRUE,2120,0,0,0
2001-03-24,,Serbia,Switzerland,1,1,FIFA World Cup qualification,Belgrade,Yugoslavia,TRUE,2122,0,0,0
2001-03-28,,Switzerland,Luxembourg,5,0,FIFA World Cup qualification,Zürich,Switzerland,FALSE,2127,0,0,0
2001-04-25,,Switzerland,Sweden,0,2,Friendly,Geneva,Switzerland,FALSE,2129,0,0,0
2001-06-02,,Faroe Islands,Switzerland,0,1,FIFA World Cup qualification,Toftir,Faroe Islands,FALSE,2130,0,0,0
2001-06-06,,Switzerland,Slovenia,0,1,FIFA World Cup qualification,Basel,Switzerland,FALSE,2131,0,0,0
2001-08-15,,Austria,Switzerland,1,2,Friendly,Vienna,Austria,FALSE,2134,0,0,0
2001-09-01,,Switzerland,Serbia,1,2,FIFA World Cup qualification,Basel,Switzerland,FALSE,2137,0,0,0
2001-09-05,,Luxembourg,Switzerland,0,3,FIFA World Cup qualification,Luxembourg,Luxembourg,FALSE,2140,0,0,0
2001-10-06,,Russia,Switzerland,4,0,FIFA World Cup qualification,Moscow,Russia,FALSE,2144,0,0,0
2002-02-12,,Cyprus,Switzerland,1,1,Cyprus International Tournament,Nicosia,Cyprus,FALSE,2146,0,0,0
2002-02-13,,Switzerland,Hungary,2,1,Cyprus International Tournament,Limassol,Cyprus,TRUE,2149,0,0,0
2002-03-27,,Argentina,Cameroon,2,2,Friendly,Geneva,Switzerland,TRUE,2153,0,0,0
2002-03-27,,Sweden,Switzerland,1,1,Friendly,Malmö,Sweden,FALSE,2155,0,0,0
2002-05-15,,Switzerland,Canada,1,3,Friendly,St. Gallen,Switzerland,FALSE,2159,0,0,0
2002-08-21,,Switzerland,Austria,3,2,Friendly,Basel,Switzerland,FALSE,2164,0,0,0
2002-09-08,,Switzerland,Georgia,4,1,UEFA Euro qualification,Basel,Switzerland,FALSE,2169,0,0,0
2002-10-12,,Albania,Switzerland,1,1,UEFA Euro qualification,Tirana,Albania,FALSE,2171,0,0,0
2002-10-16,,Republic of Ireland,Switzerland,1,2,UEFA Euro qualification,Dublin,Republic of Ireland,FALSE,2174,0,0,0
2003-02-12,,Slovenia,Switzerland,1,5,Friendly,Nova Gorica,Slovenia,FALSE,2180,0,0,0
2003-04-02,,Georgia,Switzerland,0,0,UEFA Euro qualification,Tbilisi,Georgia,FALSE,2180,0,0,0
2003-04-02,,North Macedonia,Portugal,0,1,Friendly,Lausanne,Switzerland,TRUE,2181,0,0,0
2003-04-30,,Switzerland,Italy,1,2,Friendly,Geneva,Switzerland,FALSE,2184,0,0,0
2003-06-07,,Switzerland,Russia,2,2,UEFA Euro qualification,Basel,Switzerland,FALSE,2188,0,0,0
2003-06-11,,Switzerland,Albania,3,2,UEFA Euro qualification,Geneva,Switzerland,FALSE,2193,0,0,0
2003-08-20,,Switzerland,France,0,2,Friendly,Geneva,Switzerland,FALSE,2195,0,0,0
2003-09-10,,Russia,Switzerland,4,1,UEFA Euro qualification,Moscow,Russia,FALSE,2200,0,0,0
2003-10-11,,Switzerland,Republic of Ireland,2,0,UEFA Euro qualification,Basel,Switzerland,FALSE,2202,0,0,0
2004-02-18,,Morocco,Switzerland,2,1,Friendly,Rabat,Morocco,FALSE,2205,0,0,0
2004-03-31,,Greece,Switzerland,1,0,Friendly,Heraklion,Greece,FALSE,2206,0,0,0
2004-04-28,,Switzerland,Slovenia,2,1,Friendly,Geneva,Switzerland,FALSE,2209,0,0,0
2004-06-01,,Netherlands,Faroe Islands,3,0,Friendly,Lausanne,Switzerland,TRUE,2212,0,0,0
2004-06-02,,Switzerland,Germany,0,2,Friendly,Basel,Switzerland,FALSE,2214,0,0,0
2004-06-06,,Switzerland,Liechtenstein,1,0,Friendly,Zürich,Switzerland,FALSE,2215,0,0,0
2004-06-13,,Switzerland,Croatia,0,0,UEFA Euro,Leiria,Portugal,TRUE,2215,0,0,0
2004-06-17,,England,Switzerland,3,0,UEFA Euro,Coimbra,Portugal,TRUE,2218,0,0,0
2004-06-21,,Switzerland,France,1,3,UEFA Euro,Coimbra,Portugal,TRUE,2222,0,0,0
2004-08-18,,Switzerland,Northern Ireland,0,0,Friendly,Zürich,Switzerland,FALSE,2222,0,0,0
2004-09-04,,Switzerland,Faroe Islands,6,0,FIFA World Cup qualification,Basel,Switzerland,FALSE,2228,0,0,0
2004-09-08,,Switzerland,Republic of Ireland,1,1,FIFA World Cup qualification,Basel,Switzerland,FALSE,2230,0,0,0
2004-10-09,,Israel,Switzerland,2,2,FIFA World Cup qualification,Ramat-Gan,Israel,FALSE,2234,0,0,0
2005-02-09,,United Arab Emirates,Switzerland,1,2,Friendly,Dubai,United Arab Emirates,FALSE,2237,0,0,0
2005-03-26,,France,Switzerland,0,0,FIFA World Cup qualification,Saint-Denis,France,FALSE,2237,0,0,0
2005-03-30,,Switzerland,Cyprus,1,0,FIFA World Cup qualification,Zürich,Switzerland,FALSE,2238,0,0,0
2005-06-04,,Faroe Islands,Switzerland,1,3,FIFA World Cup qualification,Toftir,Faroe Islands,FALSE,2242,0,0,0
2005-07-28,,Kuwait,United Arab Emirates,1,1,Friendly,Geneva,Switzerland,TRUE,2244,0,0,0
2005-07-30,,Egypt,United Arab Emirates,0,0,Friendly,Geneva,Switzerland,TRUE,2244,0,0,0
2005-08-17,,Norway,Switzerland,0,2,Friendly,Oslo,Norway,FALSE,2246,0,0,0
2005-09-03,,Switzerland,Israel,1,1,FIFA World Cup qualification,Basel,Switzerland,FALSE,2248,0,0,0
2005-09-07,,Cyprus,Switzerland,1,3,FIFA World Cup qualification,Nicosia,Cyprus,FALSE,2252,0,0,0
2005-10-08,,Switzerland,France,1,1,FIFA World Cup qualification,Berne,Switzerland,FALSE,2254,0,0,0
2005-10-12,,Republic of Ireland,Switzerland,0,0,FIFA World Cup qualification,Dublin,Republic of Ireland,FALSE,2254,0,0,0
2005-11-12,,England,Argentina,3,2,Friendly,Geneva,Switzerland,TRUE,2259,0,0,0
2005-11-12,,Switzerland,Turkey,2,0,FIFA World Cup qualification,Berne,Switzerland,FALSE,2261,0,0,0
2005-11-16,,Ivory Coast,Italy,1,1,Friendly,Geneva,Switzerland,TRUE,2263,0,0,0
2005-11-16,,Turkey,Switzerland,4,2,FIFA World Cup qualification,Istanbul,Turkey,FALSE,2269,0,0,0
2006-03-01,,Argentina,Croatia,2,3,Friendly,Basel,Switzerland,TRUE,2274,0,0,0
2006-03-01,,Scotland,Switzerland,1,3,Friendly,Glasgow,Scotland,FALSE,2278,0,0,0
2006-05-27,,Switzerland,Ivory Coast,1,1,Friendly,Basel,Switzerland,FALSE,2280,0,0,0
2006-05-31,,Switzerland,Italy,1,1,Friendly,Geneva,Switzerland,FALSE,2282,0,0,0
2006-06-02,,Italy,Ukraine,0,0,Friendly,Lausanne,Switzerland,TRUE,2282,0,0,0
2006-06-03,,Switzerland,China PR,4,1,Friendly,Zürich,Switzerland,FALSE,2287,0,0,0
2006-06-04,,Brazil,New Zealand,4,0,Friendly,Geneva,Switzerland,TRUE,2291,0,0,0
2006-06-05,,Ukraine,Libya,3,0,Friendly,Gossau,Switzerland,TRUE,2294,0,0,0
2006-06-07,,Spain,Croatia,2,1,Friendly,Geneva,Switzerland,TRUE,2297,0,0,0
2006-06-13,,France,Switzerland,0,0,FIFA World Cup,Stuttgart,Germany,TRUE,2297,0,0,0
2006-06-19,,Togo,Switzerland,0,2,FIFA World Cup,Dortmund,Germany,TRUE,2299,0,0,0
2006-06-23,,Switzerland,South Korea,2,0,FIFA World Cup,Hanover,Germany,TRUE,2301,0,0,0
2006-06-26,,Switzerland,Ukraine,0,0,FIFA World Cup,Cologne,Germany,TRUE,2301,0,0,0
2006-08-16,,Liechtenstein,Switzerland,0,3,Friendly,Vaduz,Liechtenstein,FALSE,2304,0,0,0
2006-09-02,,Austria,Costa Rica,2,2,Friendly,Geneva,Switzerland,TRUE,2308,0,0,0
2006-09-02,,Switzerland,Venezuela,1,0,Friendly,Basel,Switzerland,FALSE,2309,0,0,0
2006-09-06,,Austria,Venezuela,0,1,Friendly,Basel,Switzerland,TRUE,2310,0,0,0
2006-09-06,,Switzerland,Costa Rica,2,0,Friendly,Geneva,Switzerland,FALSE,2312,0,0,0
2006-10-11,,Austria,Switzerland,2,1,Friendly,Innsbruck,Austria,FALSE,2315,0,0,0
2006-11-15,,Switzerland,Brazil,1,2,Friendly,Basel,Switzerland,FALSE,2318,0,0,0
2007-02-07,,Germany,Switzerland,3,1,Friendly,Düsseldorf,Germany,FALSE,2322,0,0,0
2007-03-22,,Jamaica,Switzerland,0,2,Friendly,Fort Lauderdale,United States,TRUE,2324,0,0,0
2007-03-25,,Colombia,Switzerland,3,1,Friendly,Miami,United States,TRUE,2328,0,0,0
2007-06-02,,Switzerland,Argentina,1,1,Friendly,Basel,Switzerland,FALSE,2330,0,0,0
2007-08-22,,Switzerland,Netherlands,2,1,Friendly,Geneva,Switzerland,FALSE,2333,0,0,0
2007-09-07,,Switzerland,Chile,2,1,Friendly,Vienna,Austria,TRUE,2336,0,0,0
2007-09-11,,Switzerland,Japan,3,4,Friendly,Klagenfurt,Austria,TRUE,2343,0,0,0
2007-10-13,,Switzerland,Austria,3,1,Friendly,Zürich,Switzerland,FALSE,2347,0,0,0
2007-10-17,,Switzerland,United States,0,1,Friendly,Basel,Switzerland,FALSE,2348,0,0,0
2007-11-20,,Switzerland,Nigeria,0,1,Friendly,Zürich,Switzerland,FALSE,2349,0,0,0
2008-02-06,,England,Switzerland,2,1,Friendly,London,England,FALSE,2352,0,0,0
2008-02-06,,Italy,Portugal,3,1,Friendly,Zürich,Switzerland,TRUE,2356,0,0,0
2008-03-26,,Switzerland,Germany,0,4,Friendly,Basel,Switzerland,FALSE,2360,0,0,0
2008-05-24,,Switzerland,Slovakia,2,0,Friendly,Lugano,Switzerland,FALSE,2362,0,0,0
2008-05-30,,Switzerland,Liechtenstein,3,0,Friendly,St. Gallen,Switzerland,FALSE,2365,0,0,0
2008-06-07,,Portugal,Turkey,2,0,UEFA Euro,Geneva,Switzerland,TRUE,2367,0,0,0
2008-06-07,,Switzerland,Czech Republic,0,1,UEFA Euro,Basel,Switzerland,FALSE,2368,0,0,0
2008-06-09,,Netherlands,Italy,3,0,UEFA Euro,Berne,Switzerland,TRUE,2371,0,0,0
2008-06-09,,Romania,France,0,0,UEFA Euro,Zürich,Switzerland,TRUE,2371,0,0,0
2008-06-11,,Czech Republic,Portugal,1,3,UEFA Euro,Geneva,Switzerland,TRUE,2375,0,0,0
2008-06-11,,Switzerland,Turkey,1,2,UEFA Euro,Basel,Switzerland,FALSE,2378,0,0,0
2008-06-13,,Italy,Romania,1,1,UEFA Euro,Zürich,Switzerland,TRUE,2380,0,0,0
2008-06-13,,Netherlands,France,4,1,UEFA Euro,Berne,Switzerland,TRUE,2385,0,0,0
2008-06-15,,Switzerland,Portugal,2,0,UEFA Euro,Basel,Switzerland,FALSE,2387,0,0,0
2008-06-15,,Turkey,Czech Republic,3,2,UEFA Euro,Geneva,Switzerland,TRUE,2392,0,0,0
2008-06-17,,France,Italy,0,2,UEFA Euro,Zürich,Switzerland,TRUE,2394,0,0,0
2008-06-17,,Netherlands,Romania,2,0,UEFA Euro,Berne,Switzerland,TRUE,2396,0,0,0
2008-06-19,,Portugal,Germany,2,3,UEFA Euro,Basel,Switzerland,TRUE,2401,0,0,0
2008-06-21,,Netherlands,Russia,1,3,UEFA Euro,Basel,Switzerland,TRUE,2405,0,0,0
2008-06-25,,Germany,Turkey,3,2,UEFA Euro,Basel,Switzerland,TRUE,2410,0,0,0
2008-08-20,,Saudi Arabia,Paraguay,1,1,Friendly,Nyon,Switzerland,TRUE,2412,0,0,0
2008-08-20,,Switzerland,Cyprus,4,1,Friendly,Geneva,Switzerland,FALSE,2417,0,0,0
2008-09-06,,Israel,Switzerland,2,2,FIFA World Cup qualification,Ramat-Gan,Israel,FALSE,2421,0,0,0
2008-09-10,,Switzerland,Luxembourg,1,2,FIFA World Cup qualification,Zürich,Switzerland,FALSE,2424,0,0,0
2008-10-11,,Switzerland,Latvia,2,1,FIFA World Cup qualification,St. Gallen,Switzerland,FALSE,2427,0,0,0
2008-10-15,,Greece,Switzerland,1,2,FIFA World Cup qualification,Athens,Greece,FALSE,2430,0,0,0
2008-11-19,,Switzerland,Finland,1,0,Friendly,St. Gallen,Switzerland,FALSE,2431,0,0,0
2009-02-11,,Switzerland,Bulgaria,1,1,Friendly,Geneva,Switzerland,FALSE,2433,0,0,0
2009-03-28,,Moldova,Switzerland,0,2,FIFA World Cup qualification,Chișinău,Moldova,FALSE,2435,0,0,0
2009-03-31,,Portugal,South Africa,2,0,Friendly,Lausanne,Switzerland,TRUE,2437,0,0,0
2009-04-01,,Switzerland,Moldova,2,0,FIFA World Cup qualification,Geneva,Switzerland,FALSE,2439,0,0,0
2009-08-12,,Switzerland,Italy,0,0,Friendly,Basel,Switzerland,FALSE,2439,0,0,0
2009-09-05,,Switzerland,Greece,2,0,FIFA World Cup qualification,Basel,Switzerland,FALSE,2441,0,0,0
2009-09-09,,Latvia,Switzerland,2,2,FIFA World Cup qualification,Riga,Latvia,FALSE,2445,0,0,0
2009-10-10,,Luxembourg,Switzerland,0,3,FIFA World Cup qualification,Luxembourg,Luxembourg,FALSE,2448,0,0,0
2009-10-14,,Switzerland,Israel,0,0,FIFA World Cup qualification,Basel,Switzerland,FALSE,2448,0,0,0
2009-11-14,,Switzerland,Norway,0,1,Friendly,Geneva,Switzerland,FALSE,2449,0,0,0
2010-03-03,,Switzerland,Uruguay,1,3,Friendly,St. Gallen,Switzerland,FALSE,2453,0,0,0
2010-05-15,,Paraguay,North Korea,1,0,Friendly,Nyon,Switzerland,TRUE,2454,0,0,0
2010-06-01,,Switzerland,Costa Rica,0,1,Friendly,Sion,Switzerland,FALSE,2455,0,0,0
2010-06-02,,Greece,Paraguay,0,2,Friendly,Winterthur,Switzerland,TRUE,2457,0,0,0
2010-06-04,,Japan,Ivory Coast,0,2,Friendly,Sion,Switzerland,TRUE,2459,0,0,0
2010-06-05,,Switzerland,Italy,1,1,Friendly,Geneva,Switzerland,FALSE,2461,0,0,0
2010-06-16,,Spain,Switzerland,0,1,FIFA World Cup,Durban,South Africa,TRUE,2462,0,0,0
2010-06-21,,Chile,Switzerland,1,0,FIFA World Cup,Port Elizabeth,South Africa,TRUE,2463,0,0,0
2010-06-25,,Switzerland,Honduras,0,0,FIFA World Cup,Bloemfontein,South Africa,TRUE,2463,0,0,0
2010-08-11,,Austria,Switzerland,0,1,Friendly,Klagenfurt,Austria,FALSE,2464,0,0,0
2010-09-03,,Switzerland,Australia,0,0,Friendly,St. Gallen,Switzerland,FALSE,2464,0,0,0
2010-09-07,,Switzerland,England,1,3,UEFA Euro qualification,Basel,Switzerland,FALSE,2468,0,0,0
2010-10-08,,Montenegro,Switzerland,1,0,UEFA Euro qualification,Podgorica,Montenegro,FALSE,2469,0,0,0
2010-10-12,,Switzerland,Wales,4,1,UEFA Euro qualification,Basel,Switzerland,FALSE,2474,0,0,0
2010-11-17,,Switzerland,Ukraine,2,2,Friendly,Geneva,Switzerland,FALSE,2478,0,0,0
2011-02-09,,Argentina,Portugal,2,1,Friendly,Geneva,Switzerland,TRUE,2481,0,0,0
2011-02-09,,Malta,Switzerland,0,0,Friendly,Attard,Malta,FALSE,2481,0,0,0
2011-03-26,,Bulgaria,Switzerland,0,0,UEFA Euro qualification,Sofia,Bulgaria,FALSE,2481,0,0,0
2011-06-04,,England,Switzerland,2,2,UEFA Euro qualification,London,England,FALSE,2485,0,0,0
2011-08-10,,Israel,Ivory Coast,3,4,Friendly,Geneva,Switzerland,TRUE,2492,0,0,0
2011-08-10,,Liechtenstein,Switzerland,1,2,Friendly,Vaduz,Liechtenstein,FALSE,2495,0,0,0
2011-09-02,,Spain,Chile,3,2,Friendly,St. Gallen,Switzerland,TRUE,2500,0,0,0
2011-09-06,,Switzerland,Bulgaria,3,1,UEFA Euro qualification,Basel,Switzerland,FALSE,2504,0,0,0
2011-10-07,,Wales,Switzerland,2,0,UEFA Euro qualification,Swansea,Wales,FALSE,2506,0,0,0
2011-10-11,,Switzerland,Montenegro,2,0,UEFA Euro qualification,Basel,Switzerland,FALSE,2508,0,0,0
2011-11-11,,Netherlands,Switzerland,0,0,Friendly,Amsterdam,Netherlands,FALSE,2508,0,0,0
2011-11-15,,Luxembourg,Switzerland,0,1,Friendly,Luxembourg,Luxembourg,FALSE,2509,0,0,0
2012-02-28,,Bosnia and Herzegovina,Brazil,1,2,Friendly,St. Gallen,Switzerland,TRUE,2512,0,0,0
2012-02-29,,Switzerland,Argentina,1,3,Friendly,Berne,Switzerland,FALSE,2516,0,0,0
2012-05-26,,Spain,Serbia,2,0,Friendly,St. Gallen,Switzerland,TRUE,2518,0,0,0
2012-05-26,,Switzerland,Germany,5,3,Friendly,Basel,Switzerland,FALSE,2526,0,0,0
2012-05-29,,Lithuania,Russia,0,0,Friendly,Nyon,Switzerland,TRUE,2526,0,0,0
2012-05-30,,Spain,South Korea,4,1,Friendly,Berne,Switzerland,TRUE,2531,0,0,0
2012-05-30,,Switzerland,Romania,0,1,Friendly,Lucerne,Switzerland,FALSE,2532,0,0,0
2012-06-01,,Italy,Russia,0,3,Friendly,Zürich,Switzerland,TRUE,2535,0,0,0
2012-08-15,,Croatia,Switzerland,2,4,Friendly,Split,Croatia,FALSE,2541,0,0,0
2012-08-15,,England,Italy,2,1,Friendly,Berne,Switzerland,TRUE,2544,0,0,0
2012-09-07,,Slovenia,Switzerland,0,2,FIFA World Cup qualification,Ljubljana,Slovenia,FALSE,2546,0,0,0
2012-09-11,,Switzerland,Albania,2,0,FIFA World Cup qualification,Lucerne,Switzerland,FALSE,2548,0,0,0
2012-10-12,,Switzerland,Norway,1,1,FIFA World Cup qualification,Berne,Switzerland,FALSE,2550,0,0,0
2012-10-16,,Iceland,Switzerland,0,2,FIFA World Cup qualification,Reykjavík,Iceland,FALSE,2552,0,0,0
2012-11-14,,Albania,Cameroon,0,0,Friendly,Geneva,Switzerland,TRUE,2552,0,0,0
2012-11-14,,Serbia,Chile,3,1,Friendly,St. Gallen,Switzerland,TRUE,2556,0,0,0
2012-11-14,,Tunisia,Switzerland,1,2,Friendly,Sousse,Tunisia,FALSE,2559,0,0,0
2013-02-06,,Greece,Switzerland,0,0,Friendly,Piraeus,Greece,FALSE,2559,0,0,0
2013-03-21,,Italy,Brazil,2,2,Friendly,Geneva,Switzerland,TRUE,2563,0,0,0
2013-03-23,,Cyprus,Switzerland,0,0,FIFA World Cup qualification,Nicosia,Cyprus,FALSE,2563,0,0,0
2013-06-08,,Switzerland,Cyprus,1,0,FIFA World Cup qualification,Geneva,Switzerland,FALSE,2564,0,0,0
2013-06-10,,Croatia,Portugal,0,1,Friendly,Geneva,Switzerland,TRUE,2565,0,0,0
2013-08-14,,Switzerland,Brazil,1,0,Friendly,Basel,Switzerland,FALSE,2566,0,0,0
2013-09-06,,Switzerland,Iceland,4,4,FIFA World Cup qualification,Berne,Switzerland,FALSE,2574,0,0,0
2013-09-10,,Norway,Switzerland,0,2,FIFA World Cup qualification,Oslo,Norway,FALSE,2576,0,0,0
2013-09-10,,Spain,Chile,2,2,Friendly,Geneva,Switzerland,TRUE,2580,0,0,0
2013-10-11,,Albania,Switzerland,1,2,FIFA World Cup qualification,Tirana,Albania,FALSE,2583,0,0,0
2013-10-15,,Switzerland,Slovenia,1,0,FIFA World Cup qualification,Berne,Switzerland,FALSE,2584,0,0,0
2013-11-15,,South Korea,Switzerland,2,1,Friendly,Seoul,South Korea,FALSE,2587,0,0,0
2014-03-05,,Switzerland,Croatia,2,2,Friendly,St. Gallen,Switzerland,FALSE,2591,0,0,0
2014-05-25,,Kosovo,Senegal,1,3,Friendly,Lancy,Switzerland,TRUE,2595,0,0,0
2014-05-27,,Armenia,United Arab Emirates,4,3,Friendly,Carouge,Switzerland,TRUE,2602,0,0,0
2014-05-30,,Switzerland,Jamaica,1,0,Friendly,Lucerne,Switzerland,FALSE,2603,0,0,0
2014-05-31,,Albania,Romania,0,1,Friendly,Yverdon-les-Bains,Switzerland,TRUE,2604,0,0,0
2014-05-31,,Armenia,Algeria,1,3,Friendly,Sion,Switzerland,TRUE,2608,0,0,0
2014-06-03,,Georgia,United Arab Emirates,0,1,Friendly,Meyrin,Switzerland,TRUE,2609,0,0,0
2014-06-03,,Switzerland,Peru,2,0,Friendly,Lucerne,Switzerland,FALSE,2611,0,0,0
2014-06-04,,Romania,Algeria,1,2,Friendly,Lancy,Switzerland,TRUE,2614,0,0,0
2014-06-15,,Switzerland,Ecuador,2,1,FIFA World Cup,Brasília,Brazil,TRUE,2617,0,0,0
2014-06-20,,Switzerland,France,2,5,FIFA World Cup,Salvador,Brazil,TRUE,2624,0,0,0
2014-06-25,,Honduras,Switzerland,0,3,FIFA World Cup,Manaus,Brazil,TRUE,2627,0,0,0
2014-07-01,,Argentina,Switzerland,1,0,FIFA World Cup,São Paulo,Brazil,TRUE,2628,0,0,0
2014-09-08,,Switzerland,England,0,2,UEFA Euro qualification,Basel,Switzerland,FALSE,2630,0,0,0
2014-10-09,,Slovenia,Switzerland,1,0,UEFA Euro qualification,Maribor,Slovenia,FALSE,2631,0,0,0
2014-10-14,,San Marino,Switzerland,0,4,UEFA Euro qualification,Serravalle,San Marino,FALSE,2635,0,0,0
2014-11-15,,Switzerland,Lithuania,4,0,UEFA Euro qualification,St. Gallen,Switzerland,FALSE,2639,0,0,0
2015-03-27,,Switzerland,Estonia,3,0,UEFA Euro qualification,Lucerne,Switzerland,FALSE,2642,0,0,0
2015-03-31,,Switzerland,United States,1,1,Friendly,Zürich,Switzerland,FALSE,2644,0,0,0
2015-06-10,,Switzerland,Liechtenstein,3,0,Friendly,Thun,Switzerland,FALSE,2647,0,0,0
2015-06-14,,Lithuania,Switzerland,1,2,UEFA Euro qualification,Vilnius,Lithuania,FALSE,2650,0,0,0
2015-06-16,,Italy,Portugal,0,1,Friendly,Geneva,Switzerland,TRUE,2651,0,0,0
2015-09-05,,Switzerland,Slovenia,3,2,UEFA Euro qualification,Basel,Switzerland,FALSE,2656,0,0,0
2015-09-08,,England,Switzerland,2,0,UEFA Euro qualification,London,England,FALSE,2658,0,0,0
2015-10-09,,Switzerland,San Marino,7,0,UEFA Euro qualification,St. Gallen,Switzerland,FALSE,2665,0,0,0
2015-10-12,,Estonia,Switzerland,0,1,UEFA Euro qualification,Tallinn,Estonia,FALSE,2666,0,0,0
2015-11-13,,Slovakia,Switzerland,3,2,Friendly,Trnava,Slovakia,FALSE,2671,0,0,0
2015-11-17,,Austria,Switzerland,1,2,Friendly,Vienna,Austria,FALSE,2674,0,0,0
2016-03-25,,Republic of Ireland,Switzerland,1,0,Friendly,Dublin,Republic of Ireland,FALSE,2675,0,0,0
2016-03-29,,Switzerland,Bosnia and Herzegovina,0,2,Friendly,Zürich,Switzerland,FALSE,2677,0,0,0
2016-05-28,,Switzerland,Belgium,1,2,Friendly,Geneva,Switzerland,FALSE,2680,0,0,0
2016-05-29,,Bosnia and Herzegovina,Spain,1,3,Friendly,St. Gallen,Switzerland,TRUE,2684,0,0,0
2016-06-03,,Switzerland,Moldova,2,1,Friendly,Lugano,Switzerland,FALSE,2687,0,0,0
2016-06-11,,Albania,Switzerland,0,1,UEFA Euro,Lens,France,TRUE,2688,0,0,0
2016-06-15,,Romania,Switzerland,1,1,UEFA Euro,Paris,France,TRUE,2690,0,0,0
2016-06-19,,France,Switzerland,0,0,UEFA Euro,Villeneuve-d'Ascq,France,FALSE,2690,0,0,0
2016-06-25,,Switzerland,Poland,1,1,UEFA Euro,Saint-Étienne,France,TRUE,2692,0,0,0
2016-08-18,,Jordan,Qatar,2,3,Friendly,Lucerne,Switzerland,TRUE,2697,0,0,0
2016-09-06,,Switzerland,Portugal,2,0,FIFA World Cup qualification,Basel,Switzerland,FALSE,2699,0,0,0
2016-10-07,,Hungary,Switzerland,2,3,FIFA World Cup qualification,Budapest,Hungary,FALSE,2704,0,0,0
2016-10-10,,Andorra,Switzerland,1,2,FIFA World Cup qualification,Sant Julià de Lòria,Andorra,FALSE,2707,0,0,0
2016-11-13,,Switzerland,Faroe Islands,2,0,FIFA World Cup qualification,Lucerne,Switzerland,FALSE,2709,0,0,0
2017-03-25,,Switzerland,Latvia,1,0,FIFA World Cup qualification,Geneva,Switzerland,FALSE,2710,0,0,0
2017-06-01,,Switzerland,Belarus,1,0,Friendly,Neuchâtel,Switzerland,FALSE,2711,0,0,0
2017-06-09,,Faroe Islands,Switzerland,0,2,FIFA World Cup qualification,Tórshavn,Faroe Islands,FALSE,2713,0,0,0
2017-08-31,,Switzerland,Andorra,3,0,FIFA World Cup qualification,St. Gallen,Switzerland,FALSE,2716,0,0,0
2017-09-03,,Latvia,Switzerland,0,3,FIFA World Cup qualification,Riga,Latvia,FALSE,2719,0,0,0
2017-10-07,,Switzerland,Hungary,5,2,FIFA World Cup qualification,Basel,Switzerland,FALSE,2726,0,0,0
2017-10-10,,South Korea,Morocco,1,3,Friendly,Biel,Switzerland,TRUE,2730,0,0,0
2017-10-10,,Portugal,Switzerland,2,0,FIFA World Cup qualification,Lisbon,Portugal,FALSE,2732,0,0,0
2017-11-09,,Northern Ireland,Switzerland,0,1,FIFA World Cup qualification,Belfast,Northern Ireland,FALSE,2733,0,0,0
2017-11-12,,Switzerland,Northern Ireland,0,0,FIFA World Cup qualification,Basel,Switzerland,FALSE,2733,0,0,0
2018-03-23,,Greece,Switzerland,0,1,Friendly,Athens,Greece,FALSE,2734,0,0,0
2018-03-23,,Portugal,Egypt,2,1,Friendly,Zürich,Switzerland,TRUE,2737,0,0,0
2018-03-26,,Portugal,Netherlands,0,3,Friendly,Geneva,Switzerland,TRUE,2740,0,0,0
2018-03-27,,Greece,Egypt,1,0,Friendly,Zürich,Switzerland,TRUE,2741,0,0,0
2018-03-27,,Switzerland,Panama,6,0,Friendly,Lucerne,Switzerland,FALSE,2747,0,0,0
2018-05-28,,Italy,Saudi Arabia,2,1,Friendly,St. Gallen,Switzerland,TRUE,2750,0,0,0
2018-05-29,,Albania,Kosovo,0,3,Friendly,Zürich,Switzerland,TRUE,2753,0,0,0
2018-05-31,,Ukraine,Morocco,0,0,Friendly,Geneva,Switzerland,TRUE,2753,0,0,0
2018-06-01,,Turkey,Tunisia,2,2,Friendly,Geneva,Switzerland,TRUE,2757,0,0,0
2018-06-03,,Saudi Arabia,Peru,0,3,Friendly,St. Gallen,Switzerland,TRUE,2760,0,0,0
2018-06-03,,Spain,Switzerland,1,1,Friendly,Vila-real,Spain,FALSE,2762,0,0,0
2018-06-04,,Slovakia,Morocco,1,2,Friendly,Geneva,Switzerland,TRUE,2765,0,0,0
2018-06-08,,Switzerland,Japan,2,0,Friendly,Lugano,Switzerland,FALSE,2767,0,0,0
2018-06-17,,Brazil,Switzerland,1,1,FIFA World Cup,Rostov-on-Don,Russia,TRUE,2769,0,0,0
2018-06-22,,Serbia,Switzerland,1,2,FIFA World Cup,Kaliningrad,Russia,TRUE,2772,0,0,0
2018-06-27,,Switzerland,Costa Rica,2,2,FIFA World Cup,Nizhny Novgorod,Russia,TRUE,2776,0,0,0
2018-07-03,,Sweden,Switzerland,1,0,FIFA World Cup,Saint Petersburg,Russia,TRUE,2777,0,0,0
2018-09-08,,Switzerland,Iceland,6,0,UEFA Nations League,St. Gallen,Switzerland,FALSE,2783,0,0,0
2018-09-11,,England,Switzerland,1,0,Friendly,London,England,FALSE,2784,0,0,0
2018-10-12,,Belgium,Switzerland,2,1,UEFA Nations League,Brussels,Belgium,FALSE,2787,0,0,0
2018-10-15,,Iceland,Switzerland,1,2,UEFA Nations League,Reykjavík,Iceland,FALSE,2790,0,0,0
2018-11-14,,Switzerland,Qatar,0,1,Friendly,Lugano,Switzerland,FALSE,2791,0,0,0
2018-11-18,,Switzerland,Belgium,5,2,UEFA Nations League,Lucerne,Switzerland,FALSE,2798,0,0,0
2019-03-23,,Georgia,Switzerland,0,2,UEFA Euro qualification,Tbilisi,Georgia,FALSE,2800,0,0,0
2019-03-26,,Switzerland,Denmark,3,3,UEFA Euro qualification,Basel,Switzerland,FALSE,2806,0,0,0
2019-06-05,,Portugal,Switzerland,3,1,UEFA Nations League,Porto,Portugal,FALSE,2810,0,0,0
2019-06-09,,Switzerland,England,0,0,UEFA Nations League,Guimarães,Portugal,TRUE,2810,0,0,0
2019-09-05,,Republic of Ireland,Switzerland,1,1,UEFA Euro qualification,Dublin,Republic of Ireland,FALSE,2812,0,0,0
2019-09-08,,Switzerland,Gibraltar,4,0,UEFA Euro qualification,Sion,Switzerland,FALSE,2816,0,0,0
2019-10-12,,Denmark,Switzerland,1,0,UEFA Euro qualification,Copenhagen,Denmark,FALSE,2817,0,0,0
2019-10-15,,Switzerland,Republic of Ireland,2,0,UEFA Euro qualification,Geneva,Switzerland,FALSE,2819,0,0,0
2019-11-15,,Switzerland,Georgia,1,0,UEFA Euro qualification,St. Gallen,Switzerland,FALSE,2820,0,0,0
2019-11-18,,Gibraltar,Switzerland,1,6,UEFA Euro qualification,Gibraltar,Gibraltar,FALSE,2827,0,0,0
2020-09-03,,Ukraine,Switzerland,2,1,UEFA Nations League,Lviv,Ukraine,FALSE,2830,0,0,0
2020-09-06,,Switzerland,Germany,1,1,UEFA Nations League,Basel,Switzerland,FALSE,2832,0,0,0
2020-10-07,,Switzerland,Croatia,1,2,Friendly,St. Gallen,Switzerland,FALSE,2835,0,0,0
2020-10-10,,Spain,Switzerland,1,0,UEFA Nations League,Madrid,Spain,FALSE,2836,0,0,0
2020-10-13,,Germany,Switzerland,3,3,UEFA Nations League,Cologne,Germany,FALSE,2842,0,0,0
2020-11-11,,Belgium,Switzerland,2,1,Friendly,Leuven,Belgium,FALSE,2845,0,0,0
2020-11-14,,Switzerland,Spain,1,1,UEFA Nations League,Basel,Switzerland,FALSE,2847,0,0,0
2020-11-17,,Switzerland,Ukraine,3,0,UEFA Nations League,Lucerne,Switzerland,FALSE,2850,0,0,0
2021-03-25,,Bulgaria,Switzerland,1,3,FIFA World Cup qualification,Sofia,Bulgaria,FALSE,2854,0,0,0
2021-03-28,,Switzerland,Lithuania,1,0,FIFA World Cup qualification,St. Gallen,Switzerland,FALSE,2855,0,0,0
2021-03-31,,Switzerland,Finland,3,2,Friendly,St. Gallen,Switzerland,FALSE,2860,0,0,0
2021-05-30,,Switzerland,United States,2,1,Friendly,St. Gallen,Switzerland,FALSE,2863,0,0,0
2021-06-03,,Switzerland,Liechtenstein,7,0,Friendly,St. Gallen,Switzerland,FALSE,2870,0,0,0
2021-06-12,,Wales,Switzerland,1,1,UEFA Euro,Cardiff,Wales,FALSE,2872,0,0,0
2021-06-16,,Italy,Switzerland,3,0,UEFA Euro,Rome,Italy,FALSE,2875,0,0,0
2021-06-20,,Switzerland,Turkey,3,1,UEFA Euro,Baku,Azerbaijan,TRUE,2879,0,0,0
2021-06-28,,France,Switzerland,3,3,UEFA Euro,Bucharest,Romania,TRUE,2885,0,0,0
2021-07-02,,Switzerland,Spain,1,1,UEFA Euro,Saint Petersburg,Russia,TRUE,2887,0,0,0
2021-09-01,,Switzerland,Greece,2,1,Friendly,Basel,Switzerland,FALSE,2890,0,0,0
2021-09-02,,Liechtenstein,Germany,0,2,FIFA World Cup qualification,St. Gallen,Switzerland,TRUE,2892,0,0,0
2021-09-05,,Switzerland,Italy,0,0,FIFA World Cup qualification,Basel,Switzerland,FALSE,2892,0,0,0
2021-09-08,,Northern Ireland,Switzerland,0,0,FIFA World Cup qualification,Belfast,Northern Ireland,FALSE,2892,0,0,0
2021-10-09,,Switzerland,Northern Ireland,2,0,FIFA World Cup qualification,Geneva,Switzerland,FALSE,2894,0,0,0
2021-10-12,,Lithuania,Switzerland,0,4,FIFA World Cup qualification,Vilnius,Lithuania,FALSE,2898,0,0,0
2021-11-12,,Italy,Switzerland,1,1,FIFA World Cup qualification,Rome,Italy,FALSE,2900,0,0,0
2021-11-15,,Switzerland,Bulgaria,4,0,FIFA World Cup qualification,Lucerne,Switzerland,FALSE,2904,0,0,0